airport_name,display_name,iata_code,icao_code,ourairports_ident,country_code,country_name,region_code,city,municipality,latitude,longitude,airport_type,scheduled_service,annual_passengers,passenger_year,passenger_tier,strategic_priority,automation_potential_score,automation_potential_tier,website,linkedin_url,source_identity,source_traffic,source_url
Hartsfield Jackson Atlanta International Airport,Hartsfield Jackson Atlanta International Airport,ATL,KATL,KATL,US,United States,US-GA,Atlanta,Atlanta,33.6367,-84.428101,large_airport,yes,106302208,2025,mega_hub,strategic,90,very_high,https://www.atl.com,,https://davidmegginson.github.io/ourairports-data/airports.csv,Wikidata P3872 patronage,https://www.atl.com/wp-content/uploads/2026/02/ATL-ATR-2512_revF.pdf
Dubai International Airport,Dubai International Airport,DXB,OMDB,OMDB,AE,United Arab Emirates,AE-DU,Dubai,Dubai,25.24979,55.370992,large_airport,yes,95200000,2025,mega_hub,strategic,90,very_high,https://www.dubaiairport.com/,,https://davidmegginson.github.io/ourairports-data/airports.csv,Wikidata P3872 patronage,https://media.dubaiairports.ae/dxb-sets-global-benchmark-as-record-traffic-become-the-norm/
Tokyo Haneda International Airport,Tokyo Haneda International Airport,HND,RJTT,RJTT,JP,Japan,JP-13,Tokyo,Tokyo,35.549678,139.786958,large_airport,yes,85900617,2024,mega_hub,strategic,90,very_high,http://www.haneda-airport.jp/,,https://davidmegginson.github.io/ourairports-data/airports.csv,Wikidata P3872 patronage,https://aci.aero/2025/07/08/worlds-busiest-airports-revealed-in-final-global-rankings/
Dallas Fort Worth International Airport,Dallas Fort Worth International Airport,DFW,KDFW,KDFW,US,United States,US-TX,Dallas-Fort Worth,Dallas-Fort Worth,32.896801,-97.038002,large_airport,yes,85660127,2025,mega_hub,strategic,90,very_high,https://www.dfwairport.com/,,https://davidmegginson.github.io/ourairports-data/airports.csv,Wikidata P3872 patronage,https://images.ctfassets.net/m2p70vmwc019/1PS2eBQHXupM6TomhuPAOT/2eab385ad698121df76760689736021d/December_2025_Pax_Report.pdf
Shanghai Pudong International Airport,Shanghai Pudong International Airport,PVG,ZSPD,ZSPD,CN,China,CN-31,Shanghai (Pudong),Shanghai (Pudong),31.1434,121.805,large_airport,yes,84994548,2025,mega_hub,strategic,90,very_high,https://www.shairport.com/enpd/,,https://davidmegginson.github.io/ourairports-data/airports.csv,Wikidata P3872 patronage,http://www.wikidata.org/entity/Q36420
Chicago O'Hare International Airport,Chicago O'Hare International Airport,ORD,KORD,KORD,US,United States,US-IL,Chicago,Chicago,41.9786,-87.9048,large_airport,yes,84851825,2025,mega_hub,strategic,90,very_high,https://www.flychicago.com/ohare/home/pages/default.aspx,,https://davidmegginson.github.io/ourairports-data/airports.csv,Wikidata P3872 patronage,https://www.flychicago.com/SiteCollectionDocuments/Business/FactAndFigures/AirTraffic/1225%20ORD%20SUMMARY.pdf
İstanbul Airport,İstanbul Airport,IST,LTFM,LTFM,TR,Turkey,TR-34,Istanbul,Istanbul,41.274874,28.732136,large_airport,yes,84457421,2025,mega_hub,strategic,90,very_high,https://www.istairport.com/,,https://davidmegginson.github.io/ourairports-data/airports.csv,Wikidata P3872 patronage,https://www.dhmi.gov.tr/Sayfalar/EN/Statistics.aspx
London Heathrow Airport,London Heathrow Airport,LHR,EGLL,EGLL,GB,United Kingdom,GB-ENG,London,London,51.470748,-0.459909,large_airport,yes,83884572,2024,mega_hub,strategic,90,very_high,http://www.heathrow.com/,,https://davidmegginson.github.io/ourairports-data/airports.csv,Wikidata P3872 patronage,https://aci.aero/2025/07/08/worlds-busiest-airports-revealed-in-final-global-rankings/
Denver International Airport,Denver International Airport,DEN,KDEN,KDEN,US,United States,US-CO,Denver,Denver,39.860027,-104.673792,large_airport,yes,82427962,2025,mega_hub,strategic,90,very_high,http://www.flydenver.com/,,https://davidmegginson.github.io/ourairports-data/airports.csv,Wikidata P3872 patronage,https://cdn.flydenver.com/app/uploads/2026/01/27162532/December-2025-AirlineDashboard-FlyDenver.pdf
Indira Gandhi International Airport,Indira Gandhi International Airport,DEL,VIDP,VIDP,IN,India,IN-DL,New Delhi,New Delhi,28.55563,77.09519,large_airport,yes,77820834,2024,mega_hub,strategic,90,very_high,https://www.newdelhiairport.in/,,https://davidmegginson.github.io/ourairports-data/airports.csv,Wikidata P3872 patronage,https://aci.aero/2025/07/08/worlds-busiest-airports-revealed-in-final-global-rankings/
Guangzhou Baiyun International Airport,Guangzhou Baiyun International Airport,CAN,ZGGG,ZGGG,CN,China,CN-44,Guangzhou (Huadu),Guangzhou (Huadu),23.392401,113.299004,large_airport,yes,76370000,2024,mega_hub,strategic,90,very_high,http://www.baiyunairport.com/english/index.jsp,,https://davidmegginson.github.io/ourairports-data/airports.csv,Wikidata P3872 patronage,https://russian.news.cn/20250104/816bc54c5fa74f9682208a91120f466e/c.html
Los Angeles International Airport,Los Angeles International Airport,LAX,KLAX,KLAX,US,United States,US-CA,Los Angeles,Los Angeles,33.942501,-118.407997,large_airport,yes,73709594,2025,mega_hub,strategic,90,very_high,https://www.flylax.com/,,https://davidmegginson.github.io/ourairports-data/airports.csv,Wikidata P3872 patronage,https://www.lawa.org/sites/lawa/files/2026-01/Tcom%201225.pdf
Charles de Gaulle International Airport,Charles de Gaulle International Airport,CDG,LFPG,LFPG,FR,France,FR-IDF,"Paris (Roissy-en-France, Val-d'Oise)","Paris (Roissy-en-France, Val-d'Oise)",49.00896,2.554117,large_airport,yes,67421316,2023,mega_hub,strategic,88,very_high,http://www.aeroportsdeparis.fr/,,https://davidmegginson.github.io/ourairports-data/airports.csv,Wikidata P3872 patronage,https://www.parisaeroport.fr/docs/default-source/groupe-fichiers/finance/information-r%C3%A9glement%C3%A9e-amf/communiqu%C3%A9s-information-permanente/2023/a%C3%A9roports-de-paris-s-a---trafic-du-mois-de-d%C3%A9cembre-2023.pdf?sfvrsn=8508483d_0
Amsterdam Airport Schiphol,Amsterdam Airport Schiphol,AMS,EHAM,EHAM,NL,Netherlands,NL-NH,Amsterdam,Amsterdam,52.308601,4.76389,large_airport,yes,66828453,2024,mega_hub,strategic,88,very_high,https://www.schiphol.nl/,,https://davidmegginson.github.io/ourairports-data/airports.csv,Wikidata P3872 patronage,http://www.wikidata.org/entity/Q9694
Shenzhen Bao'an International Airport,Shenzhen Bao'an International Airport,SZX,ZGSZ,ZGSZ,CN,China,CN-44,Shenzhen,Shenzhen,22.639474,113.803262,large_airport,yes,66485213,2025,mega_hub,strategic,88,very_high,https://www.szairport.com/szairporten/index.shtml,,https://davidmegginson.github.io/ourairports-data/airports.csv,Wikidata P3872 patronage,https://www.chinaairports.org.cn/uploads/file/20260226/1772085929859899.xlsx
Adolfo Suárez Madrid–Barajas Airport,Adolfo Suárez Madrid–Barajas Airport,MAD,LEMD,LEMD,ES,Spain,ES-MD,Madrid,Madrid,40.493407,-3.572249,large_airport,yes,66197066,2024,mega_hub,strategic,88,very_high,https://www.aena.es/en/adolfo-suarez-madrid-barajas.html,,https://davidmegginson.github.io/ourairports-data/airports.csv,Wikidata P3872 patronage,http://www.wikidata.org/entity/Q166276
Suvarnabhumi Airport,Suvarnabhumi Airport,BKK,VTBS,VTBS,TH,Thailand,TH-10,Bangkok,Bangkok,13.6811,100.747002,large_airport,yes,62902183,2025,mega_hub,strategic,88,very_high,https://suvarnabhumi.airportthai.co.th/,,https://davidmegginson.github.io/ourairports-data/airports.csv,Wikidata P3872 patronage,https://app.powerbi.com/view?r=eyJrIjoiYmM2YjA2OWUtZmQxOS00YTkxLWJlNzMtMjE2NjJkMjMxYTg1IiwidCI6ImM2N2ZmODk5LWJlZjUtNGQ3MC04ZmE1LWUzNTgzZGM3Njg3MCIsImMiOjEwfQ%3D%3D
John F. Kennedy International Airport,John F. Kennedy International Airport,JFK,KJFK,KJFK,US,United States,US-NY,New York,New York,40.639447,-73.779317,large_airport,yes,62440306,2023,mega_hub,strategic,88,very_high,https://www.jfkairport.com/,,https://davidmegginson.github.io/ourairports-data/airports.csv,Wikidata P3872 patronage,http://www.wikidata.org/entity/Q8685
Frankfurt Main Airport,Frankfurt Main Airport,FRA,EDDF,EDDF,DE,Germany,DE-HE,Frankfurt am Main,Frankfurt am Main,50.026706,8.55835,large_airport,yes,61564957,2024,mega_hub,strategic,88,very_high,https://www.frankfurt-airport.de/,,https://davidmegginson.github.io/ourairports-data/airports.csv,Wikidata P3872 patronage,https://www.fraport.com/de/newsroom/pressemitteilungen/2025/verkehrszahlen/fraport-verkehrszahlen-2024--frankfurt-bleibt-fuehrend-bei-der-h.html
Singapore Changi Airport,Singapore Changi Airport,SIN,WSSS,WSSS,SG,Singapore,SG-04,Singapore,Singapore,1.35019,103.994003,large_airport,yes,58900000,2023,mega_hub,strategic,88,very_high,http://www.changiairport.com/,,https://davidmegginson.github.io/ourairports-data/airports.csv,Wikidata P3872 patronage,https://www.changiairport.com/en/corporate/about-us/traffic-statistics.html
Orlando International Airport,Orlando International Airport,MCO,KMCO,KMCO,US,United States,US-FL,Orlando,Orlando,28.429399490356445,-81.30899810791016,large_airport,yes,57675573,2025,mega_hub,strategic,88,very_high,http://www.orlandoairports.net/,,https://davidmegginson.github.io/ourairports-data/airports.csv,Wikidata P3872 patronage,https://assets.ctfassets.net/qiecpoxp4bka/5awMt17Z3Jh0cEH3H7NVMy/e2f63579f35562f38582d3fab00e6dae/trfccy2025.pdf
Josep Tarradellas Barcelona-El Prat Airport,Josep Tarradellas Barcelona-El Prat Airport,BCN,LEBL,LEBL,ES,Spain,ES-CT,Barcelona,Barcelona,41.2971,2.07846,large_airport,yes,57483036,2025,mega_hub,strategic,88,very_high,https://www.aena.es/en/josep-tarradellas-barcelona-el-prat.html,,https://davidmegginson.github.io/ourairports-data/airports.csv,Wikidata P3872 patronage,http://www.wikidata.org/entity/Q56973
Miami International Airport,Miami International Airport,MIA,KMIA,KMIA,US,United States,US-FL,Miami,Miami,25.796011,-80.289751,large_airport,yes,55314661,2025,mega_hub,strategic,88,very_high,https://www.miami-airport.com/,,https://davidmegginson.github.io/ourairports-data/airports.csv,Wikidata P3872 patronage,https://www.miami-airport.com/library/pdfdoc/Traffic%20Reports/Year-End%202025%20Traffic%20Report.pdf
Harry Reid International Airport,Harry Reid International Airport,LAS,KLAS,KLAS,US,United States,US-NV,Las Vegas,Las Vegas,36.083361,-115.151817,large_airport,yes,54989185,2025,mega_hub,strategic,88,very_high,https://www.harryreidairport.com/,,https://davidmegginson.github.io/ourairports-data/airports.csv,Wikidata P3872 patronage,https://assets.ctfassets.net/2pnrhs9eukyp/4dEgTCQUrS3BabQeFULFym/21412528282ed4c5e44066fcdd2eee88/Traffic_Summary_Report_-_Dec_2025__Passengers_.pdf
Chengdu Tianfu International Airport,Chengdu Tianfu International Airport,TFU,ZUTF,ZUTF,CN,China,CN-51,Chengdu (Jianyang),Chengdu (Jianyang),30.31252,104.441284,large_airport,yes,54905784,2024,mega_hub,strategic,88,very_high,https://www.sctfia.com,,https://davidmegginson.github.io/ourairports-data/airports.csv,Wikidata P3872 patronage,https://www.caac.gov.cn/XXGK/XXGK/TJSJ/202503/P020250314353470214193.xlsx
Soekarno-Hatta International Airport,Soekarno-Hatta International Airport,CGK,WIII,WIII,ID,Indonesia,ID-BT,Jakarta,Jakarta,-6.12557,106.655998,large_airport,yes,54809500,2024,mega_hub,strategic,88,very_high,http://www.jakartasoekarnohattaairport.com/,,https://davidmegginson.github.io/ourairports-data/airports.csv,Wikidata P3872 patronage,https://www.tempo.co/hiburan/sepanjang-tahun-2024-jumlah-penumpang-di-bandara-soekarno-hatta-mencapai-54-8-juta-naik-7-persen--1192094
San Francisco International Airport,San Francisco International Airport,SFO,KSFO,KSFO,US,United States,US-CA,San Francisco,San Francisco,37.619806,-122.374821,large_airport,yes,54532613,2025,mega_hub,strategic,88,very_high,http://www.flysfo.com/,,https://davidmegginson.github.io/ourairports-data/airports.csv,Wikidata P3872 patronage,https://www.flysfo.com/sites/default/files/2026-02/Dec%202025%20and%20CYTD%20SFO%20Air%20Traffic%20Summary.pdf
Beijing Daxing International Airport,Beijing Daxing International Airport,PKX,ZBAD,ZBAD,CN,China,CN-11,Beijing,Beijing,39.501289,116.413967,large_airport,yes,53618400,2025,mega_hub,strategic,88,very_high,https://www.bdia.com.cn/,,https://davidmegginson.github.io/ourairports-data/airports.csv,Wikidata P3872 patronage,https://english.beijing.gov.cn/livinginbeijing/transportation/airport/202603/t20260306_4551020.html
Charlotte Douglas International Airport,Charlotte Douglas International Airport,CLT,KCLT,KCLT,US,United States,US-NC,Charlotte,Charlotte,35.2140007019043,-80.94309997558594,large_airport,yes,53574392,2025,mega_hub,strategic,88,very_high,http://www.charlotteairport.com/,,https://davidmegginson.github.io/ourairports-data/airports.csv,Wikidata P3872 patronage,https://assets.ctfassets.net/jaw4bomip9l3/1Brp07X2UP2OKt7YYFM6TY/e733af9daca18ab4aae8e1aa1b7800d0/December_2025_Airline_Activity_Report.pdf
Hong Kong International Airport,Hong Kong International Airport,HKG,VHHH,VHHH,HK,Hong Kong,HK-NT,Hong Kong,Hong Kong,22.31184,113.914862,large_airport,yes,53055000,2024,mega_hub,strategic,88,very_high,http://www.hongkongairport.com/,,https://davidmegginson.github.io/ourairports-data/airports.csv,Wikidata P3872 patronage,https://www.hongkongairport.com/iwov-resources/file/the-airport/hkia-at-a-glance/facts-figures/2024e.pdf
Beijing Capital International Airport,Beijing Capital International Airport,PEK,ZBAA,ZBAA,CN,China,CN-11,Beijing,Beijing,40.077349,116.596702,large_airport,yes,52879156,2024,mega_hub,strategic,88,very_high,https://en.bcia.com.cn/,,https://davidmegginson.github.io/ourairports-data/airports.csv,Wikidata P3872 patronage,http://www.wikidata.org/entity/Q32190
Seattle–Tacoma International Airport,Seattle–Tacoma International Airport,SEA,KSEA,KSEA,US,United States,US-WA,Seattle,Seattle,47.447943,-122.310276,large_airport,yes,52715181,2025,mega_hub,strategic,88,very_high,https://www.portseattle.org/sea-tac,,https://davidmegginson.github.io/ourairports-data/airports.csv,Wikidata P3872 patronage,https://www.portseattle.org/page/airport-statistics
Phoenix Sky Harbor International Airport,Phoenix Sky Harbor International Airport,PHX,KPHX,KPHX,US,United States,US-AZ,Phoenix,Phoenix,33.435302,-112.005905,large_airport,yes,51618649,2025,mega_hub,strategic,88,very_high,http://phoenix.gov/skyharborairport/,,https://davidmegginson.github.io/ourairports-data/airports.csv,Wikidata P3872 patronage,https://www.skyharbor.com/media/rz3fadnw/annual-stats-phx-2025.pdf
Rome–Fiumicino Leonardo da Vinci International Airport,Rome–Fiumicino Leonardo da Vinci International Airport,FCO,LIRF,LIRF,IT,Italy,IT-62,Rome,Rome,41.804532,12.251998,large_airport,yes,51306744,2025,mega_hub,strategic,88,very_high,http://www.adr.it/portal/portal/adr/Fiumicino/Leonardo_da_vinci/Header_Window?action=2,,https://davidmegginson.github.io/ourairports-data/airports.csv,Wikidata P3872 patronage,https://assaeroporti.com/statistiche/?selectedYear=2025&month=12
Hangzhou Xiaoshan International Airport,Hangzhou Xiaoshan International Airport,HGH,ZSHC,ZSHC,CN,China,CN-33,Hangzhou,Hangzhou,30.23609,120.428865,large_airport,yes,50459018,2025,mega_hub,strategic,88,very_high,https://www.hzairport.com/,,https://davidmegginson.github.io/ourairports-data/airports.csv,Wikidata P3872 patronage,http://www.wikidata.org/entity/Q1197691
Ninoy Aquino International Airport,Ninoy Aquino International Airport,MNL,RPLL,RPLL,PH,Philippines,PH-00,Manila (Pasay),Manila (Pasay),14.5086,121.019997,large_airport,yes,50356465,2024,mega_hub,strategic,88,very_high,https://newnaia.com.ph/,,https://davidmegginson.github.io/ourairports-data/airports.csv,Wikidata P3872 patronage,https://en.wikipedia.org/wiki/Ninoy_Aquino_International_Airport
Shanghai Hongqiao International Airport,Shanghai Hongqiao International Airport,SHA,ZSSS,ZSSS,CN,China,CN-31,Shanghai (Minhang),Shanghai (Minhang),31.198104,121.33426,large_airport,yes,50151025,2025,mega_hub,strategic,88,very_high,http://www.shairport.com/enhq/index.html,,https://davidmegginson.github.io/ourairports-data/airports.csv,Wikidata P3872 patronage,http://www.wikidata.org/entity/Q421811
Kunming Changshui International Airport,Kunming Changshui International Airport,KMG,ZPPP,ZPPP,CN,China,CN-53,Kunming,Kunming,25.110313,102.936743,large_airport,yes,49705725,2025,mega_hub,strategic,88,very_high,https://km.ynairport.com/,,https://davidmegginson.github.io/ourairports-data/airports.csv,Wikidata P3872 patronage,https://www.caac.gov.cn/XXGK/XXGK/TJSJ/202602/P020260226360830390937.xlsx
Newark Liberty International Airport,Newark Liberty International Airport,EWR,KEWR,KEWR,US,United States,US-NJ,Newark,Newark,40.6894,-74.170545,large_airport,yes,49160546,2023,mega_hub,strategic,88,very_high,https://www.panynj.gov/CommutingTravel/airports/html/newarkliberty.html,,https://davidmegginson.github.io/ourairports-data/airports.csv,Wikidata P3872 patronage,http://www.wikidata.org/entity/Q466786
Istanbul Sabiha Gökçen International Airport,Istanbul Sabiha Gökçen International Airport,SAW,LTFJ,LTFJ,TR,Turkey,TR-34,"Pendik, Istanbul","Pendik, Istanbul",40.898602,29.3092,large_airport,yes,48420757,2025,mega_hub,strategic,88,very_high,http://www.sgairport.com/,,https://davidmegginson.github.io/ourairports-data/airports.csv,Wikidata P3872 patronage,https://dhmi.gov.tr/Lists/Istatislikler_EN/Attachments/249/PASSENGER.pdf
George Bush Intercontinental Airport,George Bush Intercontinental Airport,IAH,KIAH,KIAH,US,United States,US-TX,Houston,Houston,29.9844,-95.3414,large_airport,yes,48131213,2025,mega_hub,strategic,88,very_high,http://www.fly2houston.com/iah,,https://davidmegginson.github.io/ourairports-data/airports.csv,Wikidata P3872 patronage,http://www.wikidata.org/entity/Q744748
Mexico City Benito Juárez International Airport,Mexico City Benito Juárez International Airport,MEX,MMMX,MMMX,MX,Mexico,MX-DIF,Mexico City,Mexico City,19.435822,-99.07033,large_airport,yes,46258521,2022,mega_hub,strategic,88,very_high,https://www.aicm.com.mx,,https://davidmegginson.github.io/ourairports-data/airports.csv,Wikidata P3872 patronage,https://www.aicm.com.mx/acercadelaicm/archivos/files/Estadisticas/EstadisticasDic2022.pdf
Toronto Pearson International Airport,Toronto Pearson International Airport,YYZ,CYYZ,CYYZ,CA,Canada,CA-ON,Toronto,Toronto,43.675935,-79.629421,large_airport,yes,45714326,2024,mega_hub,strategic,88,very_high,http://www.torontopearson.com/,,https://davidmegginson.github.io/ourairports-data/airports.csv,Wikidata P3872 patronage,https://www150.statcan.gc.ca/t1/tbl1/en/tv.action?pid=2310025301
Boston Logan International Airport,Boston Logan International Airport,BOS,KBOS,KBOS,US,United States,US-MA,Boston,Boston,42.36197,-71.0079,large_airport,yes,43236013,2025,mega_hub,strategic,88,very_high,http://www.massport.com/logan/,,https://davidmegginson.github.io/ourairports-data/airports.csv,Wikidata P3872 patronage,https://www.massport.com/sites/default/files/2026-01/1225-avstats-airport-traffic-summary.pdf
Sheremetyevo International Airport,Sheremetyevo International Airport,SVO,UUEE,UUEE,RU,Russia,RU-MOS,Moscow,Moscow,55.976858,37.41121,large_airport,yes,43130000,2025,mega_hub,strategic,88,very_high,http://svo.aero/,,https://davidmegginson.github.io/ourairports-data/airports.csv,Wikidata P3872 patronage,https://www.rbc.ru/economics/23/02/2025/67aa0b039a79470557b2677f
Kempegowda International Airport Bengaluru,Kempegowda International Airport Bengaluru,BLR,VOBL,VOBL,IN,India,IN-KA,Bengaluru,Bengaluru,13.1979,77.706299,large_airport,yes,41875620,2024,mega_hub,strategic,88,very_high,http://www.bengaluruairport.com/home/home.jspx,,https://davidmegginson.github.io/ourairports-data/airports.csv,Wikidata P3872 patronage,https://www.aai.aero/sites/default/files/traffic-news/Mar2k25Annex3.pdf
Munich Airport,Munich Airport,MUC,EDDM,EDDM,DE,Germany,DE-BY,Munich,Munich,48.353802,11.7861,large_airport,yes,41568000,2024,mega_hub,strategic,88,very_high,http://www.munich-airport.com/,,https://davidmegginson.github.io/ourairports-data/airports.csv,Wikidata P3872 patronage,https://www.munich-airport.de/presse-zweistelliges-passagierwachstum-29841478
Taiwan Taoyuan International Airport,Taiwan Taoyuan International Airport,TPE,RCTP,RCTP,TW,Taiwan,TW-TAO,Taoyuan,Taoyuan,25.0777,121.233002,large_airport,yes,40906058,2024,mega_hub,strategic,88,very_high,http://www.taoyuan-airport.com/,,https://davidmegginson.github.io/ourairports-data/airports.csv,Wikidata P3872 patronage,http://www.wikidata.org/entity/Q44856
London Gatwick Airport,London Gatwick Airport,LGW,EGKK,EGKK,GB,United Kingdom,GB-ENG,London,London,51.148744,-0.185739,large_airport,yes,40899000,2023,mega_hub,strategic,88,very_high,http://www.gatwickairport.com/,,https://davidmegginson.github.io/ourairports-data/airports.csv,Wikidata P3872 patronage,http://www.wikidata.org/entity/Q8703
Tan Son Nhat International Airport,Tan Son Nhat International Airport,SGN,VVTS,VVTS,VN,Vietnam,VN-SE,Ho Chi Minh City,Ho Chi Minh City,10.8188,106.652,large_airport,yes,39859384,2024,large_airport,high,68,high,http://www.tsnairport.hochiminhcity.gov.vn/,,https://davidmegginson.github.io/ourairports-data/airports.csv,Wikidata P3872 patronage,https://www.vietnamairport.vn/vi/tin-tuc/tin-tuc-hoat-dong-tong-cong-ty/tong-ket-hoat-dong-cong-tac-an-toan-duong-chc-tai-cang-hkqt-tan-son-nhat
Narita International Airport,Narita International Airport,NRT,RJAA,RJAA,JP,Japan,JP-12,Narita,Narita,35.76858,140.388714,large_airport,yes,39807651,2024,large_airport,high,68,high,https://www.narita-airport.jp/en/,,https://davidmegginson.github.io/ourairports-data/airports.csv,Wikidata P3872 patronage,https://es.wikipedia.org/wiki/Aeropuerto_Internacional_de_Narita
Antalya International Airport,Antalya International Airport,AYT,LTAI,LTAI,TR,Turkey,TR-07,Antalya,Antalya,36.898701,30.800501,large_airport,yes,39000177,2025,large_airport,high,68,high,http://www.antalya.dhmi.gov.tr/havaalanlari/default.aspx?hv=4,,https://davidmegginson.github.io/ourairports-data/airports.csv,Wikidata P3872 patronage,https://dhmi.gov.tr/Lists/Istatislikler_EN/Attachments/262/PASSENGER.pdf
El Dorado International Airport,El Dorado International Airport,BOG,SKBO,SKBO,CO,Colombia,CO-DC,Bogota,Bogota,4.70159,-74.1469,large_airport,yes,36478591,2022,large_airport,high,68,high,https://eldorado.aero/,,https://davidmegginson.github.io/ourairports-data/airports.csv,Wikidata P3872 patronage,https://opain-storage.nyc3.digitaloceanspaces.com/docs/estadisticas-aeropuerto/2022/Consolidado%204%20Trimestre%20de%202022.pdf
Minneapolis–Saint Paul International Airport / Wold–Chamberlain Field,Minneapolis–Saint Paul International Airport / Wold–Chamberlain Field,MSP,KMSP,KMSP,US,United States,US-MN,Minneapolis,Minneapolis,44.880081,-93.221741,large_airport,yes,36071627,2025,large_airport,high,68,high,https://www.mspairport.com/,,https://davidmegginson.github.io/ourairports-data/airports.csv,Wikidata P3872 patronage,https://metroairports.org/documents/reports/year-end-operations-report/2025-year-end/direct
Hamad International Airport,Hamad International Airport,DOH,OTHH,OTHH,QA,Qatar,QA-DA,Doha,Doha,25.273056,51.608056,large_airport,yes,35734243,2022,large_airport,high,68,high,http://dohahamadairport.com/,,https://davidmegginson.github.io/ourairports-data/airports.csv,Wikidata P3872 patronage,https://thepeninsulaqatar.com/article/31/01/2023/qatar-sees-over-100-jump-in-air-passenger-for-2022
Dublin Airport,Dublin Airport,DUB,EIDW,EIDW,IE,Ireland,IE-D,Dublin,Dublin,53.428713,-6.262121,large_airport,yes,34645335,,large_airport,high,68,high,http://www.dublinairport.com/,,https://davidmegginson.github.io/ourairports-data/airports.csv,Wikidata P3872 patronage,http://www.wikidata.org/entity/Q178021
São Paulo/Guarulhos–Governor André Franco Montoro International Airport,São Paulo/Guarulhos–Governor André Franco Montoro International Airport,GRU,SBGR,SBGR,BR,Brazil,BR-SP,São Paulo,São Paulo,-23.431274,-46.469954,large_airport,yes,34393588,2022,large_airport,high,68,high,http://www.gru.com.br/,,https://davidmegginson.github.io/ourairports-data/airports.csv,Wikidata P3872 patronage,https://www.gov.br/anac/pt-br/assuntos/dados-e-estatisticas/dados-estatisticos/arquivos/resumo_anual_2022.csv
Palma de Mallorca Airport,Palma de Mallorca Airport,PMI,LEPA,LEPA,ES,Spain,ES-IB,Palma de Mallorca,Palma de Mallorca,39.551701,2.73881,large_airport,yes,33806427,2025,large_airport,high,68,high,https://www.aena.es/en/palma-de-mallorca.html,,https://davidmegginson.github.io/ourairports-data/airports.csv,Wikidata P3872 patronage,http://www.wikidata.org/entity/Q656993
Chengdu Shuangliu International Airport,Chengdu Shuangliu International Airport,CTU,ZUUU,ZUUU,CN,China,CN-51,Chengdu (Shuangliu),Chengdu (Shuangliu),30.558257,103.945966,large_airport,yes,33518945,2025,large_airport,high,68,high,http://www.cdairport.com/cdairport/en_front/index.jsp,,https://davidmegginson.github.io/ourairports-data/airports.csv,Wikidata P3872 patronage,http://www.wikidata.org/entity/Q387560
Detroit Metropolitan Wayne County Airport,Detroit Metropolitan Wayne County Airport,DTW,KDTW,KDTW,US,United States,US-MI,Detroit,Detroit,42.21377,-83.353786,large_airport,yes,33372682,2025,large_airport,high,68,high,http://www.metroairport.com/,,https://davidmegginson.github.io/ourairports-data/airports.csv,Wikidata P3872 patronage,https://cdn.metroairport.com/uploads/business_documents/PDFs/AviationStatistics/AnnualYearEndAviationReports/Calendar%20Year%202025.pdf
LaGuardia Airport,LaGuardia Airport,LGA,KLGA,KLGA,US,United States,US-NY,New York,New York,40.777199,-73.872597,large_airport,yes,32791050,2025,large_airport,high,68,high,https://www.laguardiaairport.com/,,https://davidmegginson.github.io/ourairports-data/airports.csv,Wikidata P3872 patronage,http://www.wikidata.org/entity/Q319654
Cancún International Airport,Cancún International Airport,CUN,MMUN,MMUN,MX,Mexico,MX-ROO,Cancún,Cancún,21.040817,-86.87347,large_airport,yes,32750413,2023,large_airport,high,68,high,https://cancunairport.com,,https://davidmegginson.github.io/ourairports-data/airports.csv,Wikidata P3872 patronage,http://www.wikidata.org/entity/Q641967
Zürich Airport,Zürich Airport,ZRH,LSZH,LSZH,CH,Switzerland,CH-ZH,Zurich,Zurich,47.458056,8.548056,large_airport,yes,32593966,2025,large_airport,high,68,high,http://www.zurich-airport.com/,,https://davidmegginson.github.io/ourairports-data/airports.csv,Wikidata P3872 patronage,https://newsroom.flughafen-zuerich.ch/flughafen-zuerich-mit-neuem-jahreshoechstwert-bei-passagieren/
Vienna International Airport,Vienna International Airport,VIE,LOWW,LOWW,AT,Austria,AT-9,Vienna,Vienna,48.110298,16.5697,large_airport,yes,32559115,2025,large_airport,high,68,high,http://www.viennaairport.com/en/,,https://davidmegginson.github.io/ourairports-data/airports.csv,Wikidata P3872 patronage,https://viennaairport.com/jart/prj3/va/uploads/data-uploads/IR/2026/12_Excel_Traffic_results_December_2025.xlsx
Paris-Orly Airport,Paris-Orly Airport,ORY,LFPO,LFPO,FR,France,FR-IDF,"Paris (Orly, Val-de-Marne)","Paris (Orly, Val-de-Marne)",48.729499,2.358963,large_airport,yes,32294167,2023,large_airport,high,68,high,https://www.parisaeroport.fr/orly,,https://davidmegginson.github.io/ourairports-data/airports.csv,Wikidata P3872 patronage,http://www.wikidata.org/entity/Q223416
Fort Lauderdale Hollywood International Airport,Fort Lauderdale Hollywood International Airport,FLL,KFLL,KFLL,US,United States,US-FL,Fort Lauderdale,Fort Lauderdale,26.072599,-80.152702,large_airport,yes,32208419,2025,large_airport,high,68,high,http://www.broward.org/airport,,https://davidmegginson.github.io/ourairports-data/airports.csv,Wikidata P3872 patronage,https://www.broward.org/Airport/Business/about/Documents/FLLstats_december2025.pdf
Don Mueang International Airport,Don Mueang International Airport,DMK,VTBD,VTBD,TH,Thailand,TH-10,Bangkok,Bangkok,13.9126,100.607002,large_airport,yes,31650000,2025,large_airport,high,68,high,http://www.airportthai.co.th/airportnew/bangkok/index.asp?lang=en,,https://davidmegginson.github.io/ourairports-data/airports.csv,Wikidata P3872 patronage,https://app.powerbi.com/view?r=eyJrIjoiYmM2YjA2OWUtZmQxOS00YTkxLWJlNzMtMjE2NjJkMjMxYTg1IiwidCI6ImM2N2ZmODk5LWJlZjUtNGQ3MC04ZmE1LWUzNTgzZGM3Njg3MCIsImMiOjEwfQ%3D%3D
Milan Malpensa International Airport,Milan Malpensa International Airport,MXP,LIMC,LIMC,IT,Italy,IT-25,Ferno (VA),Ferno (VA),45.6306,8.72811,large_airport,yes,31385585,2025,large_airport,high,68,high,http://www.sea-aeroportimilano.it/en/malpensa/index.phtml,,https://davidmegginson.github.io/ourairports-data/airports.csv,Wikidata P3872 patronage,https://assaeroporti.com/statistiche/?selectedYear=2025&month=12
Nanjing Lukou International Airport,Nanjing Lukou International Airport,NKG,ZSNJ,ZSNJ,CN,China,CN-32,Nanjing,Nanjing,31.735032,118.865949,large_airport,yes,31378166,2025,large_airport,high,68,high,http://www.njiairport.com,,https://davidmegginson.github.io/ourairports-data/airports.csv,Wikidata P3872 patronage,http://www.wikidata.org/entity/Q559107
Cairo International Airport,Cairo International Airport,CAI,HECA,HECA,EG,Egypt,EG-C,Cairo,Cairo,30.111534,31.396694,large_airport,yes,31137557,2025,large_airport,high,68,high,https://www.cairo-airport.com/,,https://davidmegginson.github.io/ourairports-data/airports.csv,Wikidata P3872 patronage,https://fracs.aero/2026/04/28/air-transport-data-bulletin-april-2026/
Kansai International Airport,Kansai International Airport,KIX,RJBB,RJBB,JP,Japan,JP-27,Osaka,Osaka,34.427299,135.244003,large_airport,yes,30598651,2024,large_airport,high,68,high,http://www.kansai-airport.or.jp/en/index.asp,,https://davidmegginson.github.io/ourairports-data/airports.csv,Wikidata P3872 patronage,https://www.mlit.go.jp/koku/15_bf_000185.html
Philadelphia International Airport,Philadelphia International Airport,PHL,KPHL,KPHL,US,United States,US-PA,Philadelphia,Philadelphia,39.871899,-75.241096,large_airport,yes,30136790,2025,large_airport,high,68,high,http://www.phl.org/,,https://davidmegginson.github.io/ourairports-data/airports.csv,Wikidata P3872 patronage,https://www.phl.org/drupalbin/media/phl-aviation-activity-report-december-2025.pdf
Jeju International Airport,Jeju International Airport,CJU,RKPC,RKPC,KR,South Korea,KR-49,Jeju City,Jeju City,33.512058,126.492548,large_airport,yes,29703662,2022,large_airport,high,68,high,https://www.airport.co.kr/jejueng/index.do,,https://davidmegginson.github.io/ourairports-data/airports.csv,Wikidata P3872 patronage,https://www.airport.co.kr/www/cms/frCon/index.do?MENU_ID=1250#none
Noi Bai International Airport,Noi Bai International Airport,HAN,VVNB,VVNB,VN,Vietnam,VN-RRD,Hanoi (Soc Son),Hanoi (Soc Son),21.221201,105.806999,large_airport,yes,29200000,2019,large_airport,high,68,high,http://noibaiairport.vn/en,,https://davidmegginson.github.io/ourairports-data/airports.csv,Wikidata P3872 patronage,https://plo.vn/do-thi/san-bay-noi-bai-dan-dau-ve-muc-do-hai-long-885069.html
Sydney Kingsford Smith International Airport,Sydney Kingsford Smith International Airport,SYD,YSSY,YSSY,AU,Australia,AU-NSW,Sydney (Mascot),Sydney (Mascot),-33.946098,151.177002,large_airport,yes,28983874,2022,large_airport,high,68,high,http://www.sydneyairport.com.au/,,https://davidmegginson.github.io/ourairports-data/airports.csv,Wikidata P3872 patronage,https://www.bitre.gov.au/sites/default/files/documents/webairport_cy_1985-2022.xlsx
Salt Lake City International Airport,Salt Lake City International Airport,SLC,KSLC,KSLC,US,United States,US-UT,Salt Lake City,Salt Lake City,40.78886,-111.979866,large_airport,yes,28158007,2025,large_airport,high,68,high,https://slcairport.com/,,https://davidmegginson.github.io/ourairports-data/airports.csv,Wikidata P3872 patronage,https://slcairport.com/assets/pdfDocuments/Air-Traffic-Statistics/2025-Summary.pdf
Washington Dulles International Airport,Washington Dulles International Airport,IAD,KIAD,KIAD,US,United States,US-VA,Dulles,Dulles,38.9445,-77.455803,large_airport,yes,27254087,2024,large_airport,high,68,high,http://www.mwaa.com/dulles/,,https://davidmegginson.github.io/ourairports-data/airports.csv,Wikidata P3872 patronage,https://www.mwaa.com/sites/mwaa.com/files/2025-02/12-24%20ATS%20%282.6.25%29.pdf
Vancouver International Airport,Vancouver International Airport,YVR,CYVR,CYVR,CA,Canada,CA-BC,Vancouver,Vancouver,49.193901,-123.183998,large_airport,yes,26913561,2025,large_airport,high,68,high,http://www.yvr.ca/,,https://davidmegginson.github.io/ourairports-data/airports.csv,Wikidata P3872 patronage,https://www.yvr.ca/-/media/yvr/documents/facts-sheets/2025/12---december/december-traffic-update.pdf
Qingdao Jiaodong International Airport,Qingdao Jiaodong International Airport,TAO,ZSQD,ZSQD,CN,China,CN-37,Qingdao (Jiaozhou),Qingdao (Jiaozhou),36.361953,120.088171,large_airport,yes,26896534,2025,large_airport,high,68,high,,,https://davidmegginson.github.io/ourairports-data/airports.csv,Wikidata P3872 patronage,http://www.caac.gov.cn/PHONE/XXGK_17/XXGK/TJSJ/202602/P020260226360830390937.xlsx
Málaga-Costa del Sol Airport,Málaga-Costa del Sol Airport,AGP,LEMG,LEMG,ES,Spain,ES-AN,Málaga,Málaga,36.6749,-4.49911,large_airport,yes,26760549,2025,large_airport,high,68,high,https://www.aena.es/en/malaga-costa-del-sol.html,,https://davidmegginson.github.io/ourairports-data/airports.csv,Wikidata P3872 patronage,http://www.wikidata.org/entity/Q690894
Fukuoka Airport,Fukuoka Airport,FUK,RJFF,RJFF,JP,Japan,JP-40,Fukuoka,Fukuoka,33.585899353027344,130.4510040283203,large_airport,yes,26755262,2024,large_airport,high,68,high,http://www.fuk-ab.co.jp/english/frame_index.html,,https://davidmegginson.github.io/ourairports-data/airports.csv,Wikidata P3872 patronage,https://www.mlit.go.jp/koku/15_bf_000185.html
Nashville International Airport,Nashville International Airport,BNA,KBNA,KBNA,US,United States,US-TN,Nashville,Nashville,36.1245,-86.6782,large_airport,yes,25715851,2025,large_airport,high,68,high,https://flynashville.com/,,https://davidmegginson.github.io/ourairports-data/airports.csv,Wikidata P3872 patronage,http://www.wikidata.org/entity/Q1432146
Melbourne Airport,Melbourne Airport,MEL,YMML,YMML,AU,Australia,AU-VIC,Melbourne,Melbourne,-37.670732,144.837898,large_airport,yes,25690854,2022,large_airport,high,68,high,http://melbourneairport.com.au/,,https://davidmegginson.github.io/ourairports-data/airports.csv,Wikidata P3872 patronage,https://www.bitre.gov.au/sites/default/files/documents/webairport_cy_1985-2022.xlsx
Berlin Brandenburg Airport,Berlin Brandenburg Airport,BER,EDDB,EDDB,DE,Germany,DE-BR,Berlin,Berlin,52.361738,13.502341,large_airport,yes,25465872,2024,large_airport,high,68,high,https://ber.berlin-airport.de/,,https://davidmegginson.github.io/ourairports-data/airports.csv,Wikidata P3872 patronage,https://corporate.berlin-airport.de/en/company-media/media-portal/pressemitteilungen/2025-01-08-verkehrsbericht-2024-dez.html
Kuala Lumpur International Airport,Kuala Lumpur International Airport,KUL,WMKK,WMKK,MY,Malaysia,MY-10,Sepang,Sepang,2.74558,101.709999,large_airport,yes,25377000,2022,large_airport,high,68,high,https://airports.malaysiaairports.com.my,,https://davidmegginson.github.io/ourairports-data/airports.csv,Wikidata P3872 patronage,https://mahb.listedcompany.com/misc/operatingstatistic/2022/PassengerTrafficDecember2022.pdf
San Diego International Airport,San Diego International Airport,SAN,KSAN,KSAN,US,United States,US-CA,San Diego,San Diego,32.733601,-117.190002,large_airport,yes,25320556,2025,large_airport,high,68,high,http://www.san.org/,,https://davidmegginson.github.io/ourairports-data/airports.csv,Wikidata P3872 patronage,https://www.san.org/wp-content/uploads/2026/02/12-DEC-2025.pdf
Baltimore/Washington International Thurgood Marshall Airport,Baltimore/Washington International Thurgood Marshall Airport,BWI,KBWI,KBWI,US,United States,US-MD,Baltimore,Baltimore,39.1754,-76.668297,large_airport,yes,25215520,2025,large_airport,high,68,high,https://www.bwiairport.com/,,https://davidmegginson.github.io/ourairports-data/airports.csv,Wikidata P3872 patronage,https://bwiairport.com/wp-content/uploads/statistics/Dec2025.pdf
Comodoro Arturo Merino Benítez International Airport,Comodoro Arturo Merino Benítez International Airport,SCL,SCEL,SCEL,CL,Chile,CL-RM,Santiago,Santiago,-33.393001556396484,-70.78579711914062,large_airport,yes,24925660,2023,large_airport,high,68,high,http://www.aeropuertosantiago.cl/ingles/index.php,,https://davidmegginson.github.io/ourairports-data/airports.csv,Wikidata P3872 patronage,https://www.jac.gob.cl/wp-content/uploads/2024/01/INFORME-Diciembre-2023.pdf
Ronald Reagan Washington National Airport,Ronald Reagan Washington National Airport,DCA,KDCA,KDCA,US,United States,US-DC,Washington,Washington,38.8521,-77.037697,large_airport,yes,24889473,2025,large_airport,high,68,high,http://www.flyreagan.com/dca/reagan-national-airport,,https://davidmegginson.github.io/ourairports-data/airports.csv,Wikidata P3872 patronage,http://www.wikidata.org/entity/Q676576
Tampa International Airport,Tampa International Airport,TPA,KTPA,KTPA,US,United States,US-FL,Tampa,Tampa,27.9755,-82.533203,large_airport,yes,24811253,2025,large_airport,high,68,high,https://www.tampaairport.com/,,https://davidmegginson.github.io/ourairports-data/airports.csv,Wikidata P3872 patronage,https://www.tampaairport.com/sites/default/files/2026-01/1.%20%20DEC%2025%20Airline%20Activity.pdf
Gimpo International Airport,Gimpo International Airport,GMP,RKSS,RKSS,KR,South Korea,KR-11,Seoul,Seoul,37.5583,126.791,large_airport,yes,24524065,2022,large_airport,high,68,high,http://gimpo.airport.co.kr/eng/index.jsp,,https://davidmegginson.github.io/ourairports-data/airports.csv,Wikidata P3872 patronage,https://www.airport.co.kr/www/cms/frCon/index.do?MENU_ID=1250#none
New Chitose Airport,New Chitose Airport,CTS,RJCC,RJCC,JP,Japan,JP-01,Sapporo,Sapporo,42.774753,141.690414,large_airport,yes,23968186,2024,large_airport,high,68,high,https://www.hokkaido-airports.com/en/new-chitose/,,https://davidmegginson.github.io/ourairports-data/airports.csv,Wikidata P3872 patronage,https://www.mlit.go.jp/koku/15_bf_000185.html
Manchester Airport,Manchester Airport,MAN,EGCC,EGCC,GB,United Kingdom,GB-ENG,"Manchester, Greater Manchester","Manchester, Greater Manchester",53.349375,-2.279521,large_airport,yes,23369770,2022,large_airport,high,68,high,http://www.manchesterairport.co.uk/,,https://davidmegginson.github.io/ourairports-data/airports.csv,Wikidata P3872 patronage,https://www.manchestereveningnews.co.uk/news/greater-manchester-news/passenger-numbers-manchester-airport-close-25990912
London Stansted Airport,London Stansted Airport,STN,EGSS,EGSS,GB,United Kingdom,GB-ENG,"London, Essex","London, Essex",51.884998,0.235,large_airport,yes,23319523,2022,large_airport,high,68,high,http://www.stanstedairport.com/,,https://davidmegginson.github.io/ourairports-data/airports.csv,Wikidata P3872 patronage,https://www.trbusiness.com/regional-news/europe/mag-serves-90-of-pre-pandemic-passengers-in-december-2022/228832
Zayed International Airport,Zayed International Airport,AUH,OMAA,OMAA,AE,United Arab Emirates,AE-AZ,Abu Dhabi,Abu Dhabi,24.440966,54.649237,large_airport,yes,22935316,2023,large_airport,high,68,high,https://www.zayedinternationalairport.ae/,,https://davidmegginson.github.io/ourairports-data/airports.csv,Wikidata P3872 patronage,http://www.wikidata.org/entity/Q643562
Jorge Chávez International Airport,Jorge Chávez International Airport,LIM,SPJC,SPIM,PE,Peru,PE-LIM,Lima,Lima,-12.0219,-77.114305,large_airport,yes,22876785,2023,large_airport,high,68,high,http://www.lap.com.pe/,,https://davidmegginson.github.io/ourairports-data/airports.csv,Wikidata P3872 patronage,http://www.wikidata.org/entity/Q1142219
Athens Eleftherios Venizelos International Airport,Athens Eleftherios Venizelos International Airport,ATH,LGAV,LGAV,GR,Greece,GR-I,Spata-Artemida,Spata-Artemida,37.936401,23.9445,large_airport,yes,22728750,2022,large_airport,high,68,high,https://www.aia.gr,,https://davidmegginson.github.io/ourairports-data/airports.csv,Wikidata P3872 patronage,https://www.aia.gr/userfiles/675393df-ab1a-4b77-826c-f3096a3d7f12/passenger-traffic-december-22.pdf
Oslo-Gardermoen International Airport,Oslo-Gardermoen International Airport,OSL,ENGM,ENGM,NO,Norway,NO-32,Oslo (Gardermoen),Oslo (Gardermoen),60.193901,11.1004,large_airport,yes,22467510,2022,large_airport,high,68,high,https://avinor.no/en/airport/oslo-airport,,https://davidmegginson.github.io/ourairports-data/airports.csv,Wikidata P3872 patronage,https://avinor.no/globalassets/trondheim-lufthavn/shopping/12.2022.xlsx
Copenhagen Kastrup Airport,Copenhagen Kastrup Airport,CPH,EKCH,EKCH,DK,Denmark,DK-84,Copenhagen,Copenhagen,55.617900848389,12.656000137329,large_airport,yes,22143135,2022,large_airport,high,68,high,http://www.cph.dk/en/,,https://davidmegginson.github.io/ourairports-data/airports.csv,Wikidata P3872 patronage,https://www.cph.dk/en/about-cph/investor/traffic-statistics/2023/01/ny%20sidecph%2022.1%20million%20passengers%20passed%20through%20the%20airport%20in%202022
Chongqing Jiangbei International Airport,Chongqing Jiangbei International Airport,CKG,ZUCK,ZUCK,CN,China,CN-50,Chongqing,Chongqing,29.712254,106.651895,large_airport,yes,21673547,2022,large_airport,high,68,high,https://www.airport-chongqing.com/,,https://davidmegginson.github.io/ourairports-data/airports.csv,Wikidata P3872 patronage,http://www.caac.gov.cn/XXGK/XXGK/TJSJ/202303/P020230317397015127619.xlsx
Austin Bergstrom International Airport,Austin Bergstrom International Airport,AUS,KAUS,KAUS,US,United States,US-TX,Austin,Austin,30.197535,-97.662015,large_airport,yes,21666852,2025,large_airport,high,68,high,http://www.ci.austin.tx.us/austinairport/,,https://davidmegginson.github.io/ourairports-data/airports.csv,Wikidata P3872 patronage,https://www.austintexas.gov/sites/default/files/files/Airport/December_Report-Combined.pdf
Montreal / Pierre Elliott Trudeau International Airport,Montreal / Pierre Elliott Trudeau International Airport,YUL,CYUL,CYUL,CA,Canada,CA-QC,Montréal,Montréal,45.467837,-73.742294,large_airport,yes,21550764,2024,large_airport,high,68,high,http://www.admtl.com/passager/Home.aspx,,https://davidmegginson.github.io/ourairports-data/airports.csv,Wikidata P3872 patronage,https://www150.statcan.gc.ca/t1/tbl1/en/tv.action?pid=2310025301
Warsaw Chopin Airport,Warsaw Chopin Airport,WAW,EPWA,EPWA,PL,Poland,PL-MZ,Warsaw,Warsaw,52.165699,20.9671,large_airport,yes,21261806,2024,large_airport,high,68,high,http://www.lotnisko-chopina.pl/?lang=en,,https://davidmegginson.github.io/ourairports-data/airports.csv,Wikidata P3872 patronage,http://www.wikidata.org/entity/Q465071
Daniel K. Inouye International Airport,Daniel K. Inouye International Airport,HNL,PHNL,PHNL,US,United States,US-HI,"Honolulu, Oahu","Honolulu, Oahu",21.318387,-157.92567,large_airport,yes,21188678,2023,large_airport,high,68,high,http://airports.hawaii.gov/hnl/,,https://davidmegginson.github.io/ourairports-data/airports.csv,Wikidata P3872 patronage,http://www.wikidata.org/entity/Q531178
Naha International Airport,Naha International Airport,OKA,ROAH,ROAH,JP,Japan,JP-47,Naha,Naha,26.192437,127.639804,large_airport,yes,21119768,2024,large_airport,high,68,high,http://www.naha-airport.co.jp/,,https://davidmegginson.github.io/ourairports-data/airports.csv,Wikidata P3872 patronage,https://www.cab.mlit.go.jp/wcab/file/xlsx/riyousyukei202503.xlsx
Pulkovo Airport,Pulkovo Airport,LED,ULLI,ULLI,RU,Russia,RU-SPE,St. Petersburg,St. Petersburg,59.800301,30.262501,large_airport,yes,20700000,2025,large_airport,high,68,high,https://pulkovoairport.ru/,,https://davidmegginson.github.io/ourairports-data/airports.csv,Wikidata P3872 patronage,https://expert.ru/promishlennost/vozdushnyy-shelkovyy-put/
Jinan Yaoqiang International Airport,Jinan Yaoqiang International Airport,TNA,ZSJN,ZSJN,CN,China,CN-37,Jinan (Licheng),Jinan (Licheng),36.857201,117.216003,large_airport,yes,20329972,2025,large_airport,high,68,high,https://www.jnairport.com/,,https://davidmegginson.github.io/ourairports-data/airports.csv,Wikidata P3872 patronage,http://www.caac.gov.cn/XXGK/XXGK/TJSJ/202602/P020260226360830390937.xlsx
Ben Gurion International Airport,Ben Gurion International Airport,TLV,LLBG,LLBG,IL,Israel,IL-M,Tel Aviv,Tel Aviv,32.011398,34.8867,large_airport,yes,20008532,2022,large_airport,high,68,high,http://www.iaa.gov.il/Rashat/en-US/Airports/BenGurion/,,https://davidmegginson.github.io/ourairports-data/airports.csv,Wikidata P3872 patronage,https://monthlyreport.iaa.gov.il/ViewReportEng.aspx
Alicante-Elche Miguel Hernández Airport,Alicante-Elche Miguel Hernández Airport,ALC,LEAL,LEAL,ES,Spain,ES-VC,Alicante,Alicante,38.2822,-0.558156,large_airport,yes,19950394,2025,large_airport,high,68,high,https://www.aena.es/en/alicante-elche.html,,https://davidmegginson.github.io/ourairports-data/airports.csv,Wikidata P3872 patronage,http://www.wikidata.org/entity/Q849314
Chicago Midway International Airport,Chicago Midway International Airport,MDW,KMDW,KMDW,US,United States,US-IL,Chicago,Chicago,41.785999,-87.752403,large_airport,yes,19379940,2025,large_airport,high,68,high,https://www.flychicago.com/midway/home/pages/default.aspx,,https://davidmegginson.github.io/ourairports-data/airports.csv,Wikidata P3872 patronage,https://www.flychicago.com/SiteCollectionDocuments/Business/FactAndFigures/AirTraffic/1225%20MDW%20SUMMARY.pdf
Rajiv Gandhi International Airport,Rajiv Gandhi International Airport,HYD,VOHS,VOHS,IN,India,IN-TG,Hyderabad,Hyderabad,17.231318,78.429855,large_airport,yes,19042499,2022,large_airport,high,68,high,http://www.hyderabad.aero/,,https://davidmegginson.github.io/ourairports-data/airports.csv,Wikidata P3872 patronage,https://www.parisaeroport.fr/docs/default-source/groupe-fichiers/finance/information-r%C3%A9glement%C3%A9e-amf/communiqu%C3%A9s-information-permanente/2022/a%C3%A9roports-de-paris-sa---december-2022-traffic-figures.pdf?sfvrsn=47a61a05_0
King Khalid International Airport,King Khalid International Airport,RUH,OERK,OERK,SA,Saudi Arabia,SA-01,Riyadh,Riyadh,24.9576,46.698799,large_airport,yes,18933989,2021,large_airport,high,68,high,https://www.kkia.sa/en/Pages/default.aspx,,https://davidmegginson.github.io/ourairports-data/airports.csv,Wikidata P3872 patronage,https://www.panynj.gov/content/dam/airports/statistics/statistics-general-info/annual-atr/ATR_2021.pdf
Brussels Airport,Brussels Airport,BRU,EBBR,EBBR,BE,Belgium,BE-VBR,Zaventem,Zaventem,50.901402,4.48444,large_airport,yes,18930698,2022,large_airport,high,68,high,http://www.brusselsairport.be/en/,,https://davidmegginson.github.io/ourairports-data/airports.csv,Wikidata P3872 patronage,https://www.brusselsairport.be/en/pressroom/news/19-million-passengers-at-brussels-airport-in-2022
Portland International Airport,Portland International Airport,PDX,KPDX,KPDX,US,United States,US-OR,Portland,Portland,45.588699,-122.598,large_airport,yes,18563132,2025,large_airport,high,68,high,https://www.flypdx.com/,,https://davidmegginson.github.io/ourairports-data/airports.csv,Wikidata P3872 patronage,https://cdn.portofportland.com/pdfs/December%202025%20Statistics%20(Excel).xlsx
Calgary International Airport,Calgary International Airport,YYC,CYYC,CYYC,CA,Canada,CA-AB,Calgary,Calgary,51.118822,-114.009933,large_airport,yes,18488330,2024,large_airport,high,68,high,http://www.calgaryairport.com/,,https://davidmegginson.github.io/ourairports-data/airports.csv,Wikidata P3872 patronage,https://www150.statcan.gc.ca/t1/tbl1/en/tv.action?pid=2310025301
Stockholm-Arlanda Airport,Stockholm-Arlanda Airport,ARN,ESSA,ESSA,SE,Sweden,SE-AB,Stockholm,Stockholm,59.64849,17.928829,large_airport,yes,18387268,2022,large_airport,high,68,high,http://www.swedavia.se/arlanda/,,https://davidmegginson.github.io/ourairports-data/airports.csv,Wikidata P3872 patronage,https://www.transportstyrelsen.se/globalassets/global/luftfart/statistik_och_analys/flygplatsstatistik-excelfiler/230116-passagerarfrekvens-per-flygplats.xlsx
Congonhas–Deputado Freitas Nobre Airport,Congonhas–Deputado Freitas Nobre Airport,CGH,SBSP,SBSP,BR,Brazil,BR-SP,São Paulo,São Paulo,-23.627657,-46.654601,large_airport,yes,18158375,2022,large_airport,high,68,high,https://www.aenabrasil.com.br/en/airports/congonhas-airport/index.html,,https://davidmegginson.github.io/ourairports-data/airports.csv,Wikidata P3872 patronage,https://www.gov.br/anac/pt-br/assuntos/dados-e-estatisticas/dados-estatisticos/arquivos/resumo_anual_2022.csv
Incheon International Airport,Incheon International Airport,ICN,RKSI,RKSI,KR,South Korea,KR-28,Seoul,Seoul,37.469101,126.450996,large_airport,yes,17869759,2022,large_airport,high,68,high,https://www.airport.kr/ap/en/index.do,,https://davidmegginson.github.io/ourairports-data/airports.csv,Wikidata P3872 patronage,https://www.airport.co.kr/www/cms/frCon/index.do?MENU_ID=1250#none
Geneva International Airport,Geneva International Airport,GVA,LSGG,LSGG,CH,Switzerland,CH-GE,Geneva,Geneva,46.238098,6.10895,large_airport,yes,17796333,2024,large_airport,high,68,high,https://www.gva.ch/,,https://davidmegginson.github.io/ourairports-data/airports.csv,Wikidata P3872 patronage,https://www.gva.ch/getmedia/ef8f4889-9f5d-4ead-9ef1-3e92ad59bec7/statistiques_pax_geneve-aeroport.pdf
Changchun Longjia International Airport,Changchun Longjia International Airport,CGQ,ZYCC,ZYCC,CN,China,CN-22,Changchun,Changchun,43.996201,125.684998,large_airport,yes,17759299,2025,large_airport,high,68,high,http://www.ccairport.cn,,https://davidmegginson.github.io/ourairports-data/airports.csv,Wikidata P3872 patronage,https://www.caac.gov.cn/XXGK/XXGK/TJSJ/202602/t20260226_230119.html
Václav Havel Airport Prague,Václav Havel Airport Prague,PRG,LKPR,LKPR,CZ,Czech Republic,CZ-PR,Prague,Prague,50.100874,14.259911,large_airport,yes,17750528,2025,large_airport,high,68,high,http://www.prg.aero,,https://davidmegginson.github.io/ourairports-data/airports.csv,Wikidata P3872 patronage,https://www.prg.aero/sites/default/files/obsah/B2B/Files/Statistics%20and%20reports/Prague%20Airport%20Traffic%20Reports/122025_PRG_TRAFFIC_RESULTS.xlsx
Guadalajara International Airport,Guadalajara International Airport,GDL,MMGL,MMGL,MX,Mexico,MX-JAL,Guadalajara,Guadalajara,20.523342,-103.310108,large_airport,yes,17710200,2023,large_airport,high,68,high,https://www.aeropuertosgap.com.mx/es/guadalajara,,https://davidmegginson.github.io/ourairports-data/airports.csv,Wikidata P3872 patronage,http://www.wikidata.org/entity/Q932025
Budapest Liszt Ferenc International Airport,Budapest Liszt Ferenc International Airport,BUD,LHBP,LHBP,HU,Hungary,HU-BU,Budapest,Budapest,47.43018,19.262393,large_airport,yes,17574413,2024,large_airport,high,68,high,http://www.bud.hu/english,,https://davidmegginson.github.io/ourairports-data/airports.csv,Wikidata P3872 patronage,https://www.bud.hu/en/budapest_airport/media/news/actual_press_releases/budapest_airports_2024_confirms_its_positive_momentum_with_results_exceeding_expectations.html
Phuket International Airport,Phuket International Airport,HKT,VTSP,VTSP,TH,Thailand,TH-83,Phuket,Phuket,8.113257,98.3174,large_airport,yes,17474051,2025,large_airport,high,68,high,https://phuket.airportthai.co.th/,,https://davidmegginson.github.io/ourairports-data/airports.csv,Wikidata P3872 patronage,https://app.powerbi.com/view?r=eyJrIjoiYmM2YjA2OWUtZmQxOS00YTkxLWJlNzMtMjE2NjJkMjMxYTg1IiwidCI6ImM2N2ZmODk5LWJlZjUtNGQ3MC04ZmE1LWUzNTgzZGM3Njg3MCIsImMiOjEwfQ%3D%3D
Bucharest Henri Coandă International Airport,Bucharest Henri Coandă International Airport,OTP,LROP,LROP,RO,Romania,RO-IF,Otopeni,Otopeni,44.571792,26.103285,large_airport,yes,17001578,2025,large_airport,high,68,high,http://www.bucharestairports.ro/en/,,https://davidmegginson.github.io/ourairports-data/airports.csv,Wikidata P3872 patronage,https://airportaar.ro/traficul-de-pasageri-pe-aeroporturile-din-romania-in-2025
Il Caravaggio International Airport,Il Caravaggio International Airport,BGY,LIME,LIME,IT,Italy,IT-25,Orio al Serio (BG),Orio al Serio (BG),45.669362,9.708851,large_airport,yes,16937976,2025,large_airport,high,68,high,http://www.sacbo.it/,,https://davidmegginson.github.io/ourairports-data/airports.csv,Wikidata P3872 patronage,https://assaeroporti.com/statistiche/?selectedYear=2025&month=12
Brisbane International Airport,Brisbane International Airport,BNE,YBBN,YBBN,AU,Australia,AU-QLD,Brisbane,Brisbane,-27.384199142456055,153.11700439453125,large_airport,yes,16905697,2022,large_airport,high,68,high,http://www.bne.com.au/,,https://davidmegginson.github.io/ourairports-data/airports.csv,Wikidata P3872 patronage,https://www.bitre.gov.au/sites/default/files/documents/webairport_cy_1985-2022.xlsx
Perth International Airport,Perth International Airport,PER,YPPH,YPPH,AU,Australia,AU-WA,Perth,Perth,-31.94029998779297,115.96700286865234,large_airport,yes,16900000,2024,large_airport,high,68,high,https://www.perthairport.com.au/,,https://davidmegginson.github.io/ourairports-data/airports.csv,Wikidata P3872 patronage,http://www.wikidata.org/entity/Q45935
Dallas Love Field,Dallas Love Field,DAL,KDAL,KDAL,US,United States,US-TX,Dallas,Dallas,32.844776,-96.847653,large_airport,yes,16899203,2025,large_airport,high,68,high,http://www.dallas-lovefield.com/,,https://davidmegginson.github.io/ourairports-data/airports.csv,Wikidata P3872 patronage,https://www.dallas-lovefield.com/home/showpublisheddocument/3278/639053786940100000
Vnukovo International Airport,Vnukovo International Airport,VKO,UUWW,UUWW,RU,Russia,RU-MOW,Moscow,Moscow,55.591499,37.261501,large_airport,yes,16400000,2025,large_airport,high,68,high,https://vnukovo.ru/en/,,https://davidmegginson.github.io/ourairports-data/airports.csv,Wikidata P3872 patronage,https://expert.ru/promishlennost/vozdushnyy-shelkovyy-put/
Helsinki Vantaa Airport,Helsinki Vantaa Airport,HEL,EFHK,EFHK,FI,Finland,FI-18,Helsinki (Vantaa),Helsinki (Vantaa),60.318363,24.963341,large_airport,yes,16308814,2024,large_airport,high,68,high,http://www.finavia.fi/en/helsinki-airport,,https://davidmegginson.github.io/ourairports-data/airports.csv,Wikidata P3872 patronage,http://www.wikidata.org/entity/Q215327
Ningbo Lishe International Airport,Ningbo Lishe International Airport,NGB,ZSNB,ZSNB,CN,China,CN-33,Ningbo,Ningbo,29.82670021057129,121.46199798583984,large_airport,yes,16125459,2025,large_airport,high,68,high,https://www.nbairport.com/,,https://davidmegginson.github.io/ourairports-data/airports.csv,Wikidata P3872 patronage,http://www.wikidata.org/entity/Q3243622
Fuzhou Changle International Airport,Fuzhou Changle International Airport,FOC,ZSFZ,ZSFZ,CN,China,CN-35,Fuzhou (Changle),Fuzhou (Changle),25.929254,119.672524,large_airport,yes,16118000,2025,large_airport,high,68,high,https://www.fuzhouairport.com.cn/,,https://davidmegginson.github.io/ourairports-data/airports.csv,Wikidata P3872 patronage,http://www.wikidata.org/entity/Q1350630
Düsseldorf Airport,Düsseldorf Airport,DUS,EDDL,EDDL,DE,Germany,DE-NW,Düsseldorf,Düsseldorf,51.289501,6.76678,large_airport,yes,16071936,2022,large_airport,high,68,high,http://www.dus.com/dus_en/,,https://davidmegginson.github.io/ourairports-data/airports.csv,Wikidata P3872 patronage,https://www.adv.aero/wp-content/uploads/2015/11/12.2022-ADV-Monatsstatistik.pdf
Gran Canaria Airport,Gran Canaria Airport,LPA,GCLP,GCLP,ES,Spain,ES-CN,Gran Canaria Island,Gran Canaria Island,27.9319,-15.3866,large_airport,yes,15826553,2025,large_airport,high,68,high,https://www.aena.es/en/gran-canaria.html,,https://davidmegginson.github.io/ourairports-data/airports.csv,Wikidata P3872 patronage,http://www.wikidata.org/entity/Q1130612
Tocumen International Airport,Tocumen International Airport,PTY,MPTO,MPTO,PA,Panama,PA-8,Tocumen,Tocumen,9.07136,-79.383499,large_airport,yes,15779103,2022,large_airport,high,68,high,https://www.tocumenpanama.aero/,,https://davidmegginson.github.io/ourairports-data/airports.csv,Wikidata P3872 patronage,http://www.tocumenpanama.aero/transparencia/2022/files_2023-Jan-14-080759/10.3_reporte_estadistico_dic2022.pdf
Raleigh-Durham International Airport,Raleigh-Durham International Airport,RDU,KRDU,KRDU,US,United States,US-NC,Raleigh/Durham,Raleigh/Durham,35.878659,-78.7873,large_airport,yes,15644658,2025,large_airport,high,68,high,https://www.rdu.com/,,https://davidmegginson.github.io/ourairports-data/airports.csv,Wikidata P3872 patronage,https://www.rdu.com/airport-authority/statistics/#year
Da Nang International Airport,Da Nang International Airport,DAD,VVDN,VVDN,VN,Vietnam,VN-SCC,Da Nang,Da Nang,16.0439,108.198997,large_airport,yes,15504650,2019,large_airport,high,68,high,http://www.danangairportonline.com,,https://davidmegginson.github.io/ourairports-data/airports.csv,Wikidata P3872 patronage,http://www.wikidata.org/entity/Q773330
Kuwait International Airport,Kuwait International Airport,KWI,OKKK,OKKK,KW,Kuwait,KW-FA,Kuwait City,Kuwait City,29.224487,47.969813,large_airport,yes,15448909,2019,large_airport,high,68,high,https://www.kuwaitairport.gov.kw/,,https://davidmegginson.github.io/ourairports-data/airports.csv,Wikidata P3872 patronage,https://www.dgca.gov.kw/Statistics?menuid=11
St. Louis Lambert International Airport,St. Louis Lambert International Airport,STL,KSTL,KSTL,US,United States,US-MO,St Louis,St Louis,38.748697,-90.370003,large_airport,yes,15303756,2025,large_airport,high,68,high,https://www.flystl.com/,,https://davidmegginson.github.io/ourairports-data/airports.csv,Wikidata P3872 patronage,https://www.flystl.com/wp-content/uploads/2026/01/STL-CY2025-Air-Traffic-Activity-Report-FINAL-1.pdf
Osaka Itami International Airport,Osaka Itami International Airport,ITM,RJOO,RJOO,JP,Japan,JP-27,Osaka,Osaka,34.780853,135.440829,large_airport,yes,15157501,2024,large_airport,high,68,high,https://www.osaka-airport.co.jp/en/,,https://davidmegginson.github.io/ourairports-data/airports.csv,Wikidata P3872 patronage,https://www.mlit.go.jp/koku/15_bf_000185.html
Hamburg Helmut Schmidt Airport,Hamburg Helmut Schmidt Airport,HAM,EDDH,EDDH,DE,Germany,DE-HH,Hamburg,Hamburg,53.630402,9.98823,large_airport,yes,14831711,2024,medium_airport,medium,45,medium,https://www.hamburg-airport.de/en/,,https://davidmegginson.github.io/ourairports-data/airports.csv,Wikidata P3872 patronage,http://www.wikidata.org/entity/Q27706
Rio Galeão – Tom Jobim International Airport,Rio Galeão – Tom Jobim International Airport,GIG,SBGL,SBGL,BR,Brazil,BR-RJ,Rio De Janeiro,Rio De Janeiro,-22.809999,-43.250557,large_airport,yes,14443884,2024,medium_airport,medium,45,medium,https://www.riogaleao.com/passageiros,,https://davidmegginson.github.io/ourairports-data/airports.csv,Wikidata P3872 patronage,http://www.wikidata.org/entity/Q733998
King Abdulaziz International Airport,King Abdulaziz International Airport,JED,OEJN,OEJN,SA,Saudi Arabia,SA-02,Jeddah,Jeddah,21.680241,39.157436,large_airport,yes,14117611,2021,medium_airport,medium,45,medium,https://www.kaia.sa/,,https://davidmegginson.github.io/ourairports-data/airports.csv,Wikidata P3872 patronage,https://gaca.gov.sa/ar/
Esenboğa International Airport,Esenboğa International Airport,ESB,LTAC,LTAC,TR,Turkey,TR-06,Ankara,Ankara,40.128101,32.995098,large_airport,yes,13926680,2025,medium_airport,medium,45,medium,https://esenbogaairport.com/,,https://davidmegginson.github.io/ourairports-data/airports.csv,Wikidata P3872 patronage,https://dhmi.gov.tr/Lists/Istatislikler_EN/Attachments/262/PASSENGER.pdf
Sacramento International Airport,Sacramento International Airport,SMF,KSMF,KSMF,US,United States,US-CA,Sacramento,Sacramento,38.6954,-121.591003,large_airport,yes,13912718,2025,medium_airport,medium,45,medium,https://sacramento.aero/smf,,https://davidmegginson.github.io/ourairports-data/airports.csv,Wikidata P3872 patronage,https://sacramento.aero/assets/2026/01/december-2025-web-report.pdf
William P. Hobby Airport,William P. Hobby Airport,HOU,KHOU,KHOU,US,United States,US-TX,Houston,Houston,29.645336,-95.276812,large_airport,yes,13908466,2023,medium_airport,medium,45,medium,http://www.fly2houston.com/hobbyHome,,https://davidmegginson.github.io/ourairports-data/airports.csv,Wikidata P3872 patronage,http://www.wikidata.org/entity/Q771340
Domodedovo International Airport,Domodedovo International Airport,DME,UUDD,UUDD,RU,Russia,RU-MOS,Moscow,Moscow,55.408798,37.9063,large_airport,yes,13860000,2025,medium_airport,medium,45,medium,http://www.domodedovo.ru/en/,,https://davidmegginson.github.io/ourairports-data/airports.csv,Wikidata P3872 patronage,https://www.rbc.ru/economics/23/02/2025/67aa0b039a79470557b2677f
Xi'an Xianyang International Airport,Xi'an Xianyang International Airport,XIY,ZLXY,ZLXY,CN,China,CN-61,Xi'an,Xi'an,34.442207,108.762385,large_airport,yes,13558364,2022,medium_airport,medium,45,medium,https://www.xxia.com/,,https://davidmegginson.github.io/ourairports-data/airports.csv,Wikidata P3872 patronage,http://www.caac.gov.cn/XXGK/XXGK/TJSJ/202303/P020230317397015127619.xlsx
Presidente Juscelino Kubitschek International Airport,Presidente Juscelino Kubitschek International Airport,BSB,SBBR,SBBR,BR,Brazil,BR-DF,Brasília,Brasília,-15.869167,-47.920834,large_airport,yes,13471797,2022,medium_airport,medium,45,medium,http://www.infraero.gov.br/usa/aero_prev_home.php?ai=146,,https://davidmegginson.github.io/ourairports-data/airports.csv,Wikidata P3872 patronage,https://www.bsb.aero/institucional/dados-operacionais
Monterrey International Airport,Monterrey International Airport,MTY,MMMY,MMMY,MX,Mexico,MX-NLE,Monterrey,Monterrey,25.778521,-100.106989,large_airport,yes,13326936,2023,medium_airport,medium,45,medium,https://aeropuertomonterrey.oma.aero/es/,,https://davidmegginson.github.io/ourairports-data/airports.csv,Wikidata P3872 patronage,http://www.wikidata.org/entity/Q767660
London Luton Airport,London Luton Airport,LTN,EGGW,EGGW,GB,United Kingdom,GB-ENG,"Luton, Luton","Luton, Luton",51.874699,-0.368333,large_airport,yes,13322236,2022,medium_airport,medium,45,medium,http://www.london-luton.co.uk/en/,,https://davidmegginson.github.io/ourairports-data/airports.csv,Wikidata P3872 patronage,https://www.caa.co.uk/Documents/Download/9077/31632962-d7b6-4df4-a5fd-6df78e65d88c/5578
Naples International Airport,Naples International Airport,NAP,LIRN,LIRN,IT,Italy,IT-72,Napoli,Napoli,40.886002,14.2908,large_airport,yes,13271522,2025,medium_airport,medium,45,medium,http://www.portal.gesac.it/,,https://davidmegginson.github.io/ourairports-data/airports.csv,Wikidata P3872 patronage,http://www.wikidata.org/entity/Q849383
Jose Maria Córdova International Airport,Jose Maria Córdova International Airport,MDE,SKRG,SKRG,CO,Colombia,CO-ANT,Medellín,Medellín,6.16454,-75.4231,large_airport,yes,13214155,2022,medium_airport,medium,45,medium,https://www.aeropuertorionegro.co/,,https://davidmegginson.github.io/ourairports-data/airports.csv,Wikidata P3872 patronage,https://www.aerocivil.gov.co/atencion/estadisticas-de-las-actividades-aeronauticas/Estadsticas%20operacionales/Estad%C3%ADsticas%20de%20Tr%C3%A1fico%20de%20Aeropuertos%20Diciembre%202022.xlsx
Wenzhou Longwan International Airport,Wenzhou Longwan International Airport,WNZ,ZSWZ,ZSWZ,CN,China,CN-33,Wenzhou (Longwan),Wenzhou (Longwan),27.910572,120.853465,large_airport,yes,13058523,2025,medium_airport,medium,45,medium,https://www.wzair.cn/,,https://davidmegginson.github.io/ourairports-data/airports.csv,Wikidata P3872 patronage,http://www.wikidata.org/entity/Q716323
Sharjah International Airport,Sharjah International Airport,SHJ,OMSJ,OMSJ,AE,United Arab Emirates,AE-SH,Sharjah,Sharjah,25.3286,55.5172,large_airport,yes,13000000,2022,medium_airport,medium,45,medium,https://www.sharjahairport.ae/en/,,https://davidmegginson.github.io/ourairports-data/airports.csv,Wikidata P3872 patronage,https://www.sharjahairport.ae/en/recording-over-13-million-passengers-in-2022-sharjah-airport-secures-leading-position-among-airports-that-have-returned-to-pre-pandemic-operating-levels/
Zhuhai Jinwan Airport,Zhuhai Jinwan Airport,ZUH,ZGSD,ZGSD,CN,China,CN-44,Zhuhai (Jinwan),Zhuhai (Jinwan),22.006399,113.375999,large_airport,yes,12970873,2024,medium_airport,medium,45,medium,http://www.zhairport.com/,,https://davidmegginson.github.io/ourairports-data/airports.csv,Wikidata P3872 patronage,https://www.caac.gov.cn/XXGK/XXGK/TJSJ/202503/t20250314_226932.html
Adnan Menderes International Airport,Adnan Menderes International Airport,ADB,LTBJ,LTBJ,TR,Turkey,TR-35,Gaziemir,Gaziemir,38.2924,27.157,large_airport,yes,12665660,2025,medium_airport,medium,45,medium,http://www.adnanmenderesairport.com,,https://davidmegginson.github.io/ourairports-data/airports.csv,Wikidata P3872 patronage,https://dhmi.gov.tr/Lists/Istatislikler_EN/Attachments/262/PASSENGER.pdf
Hefei Xinqiao International Airport,Hefei Xinqiao International Airport,HFE,ZSOF,ZSOF,CN,China,CN-34,Hefei,Hefei,31.98779,116.9769,large_airport,yes,12644989,2025,medium_airport,medium,45,medium,https://hfairport.com,,https://davidmegginson.github.io/ourairports-data/airports.csv,Wikidata P3872 patronage,http://www.wikidata.org/entity/Q1431445
Changsha Huanghua International Airport,Changsha Huanghua International Airport,CSX,ZGHA,ZGHA,CN,China,CN-43,Changsha (Changsha),Changsha (Changsha),28.189199,113.220001,large_airport,yes,12508779,2022,medium_airport,medium,45,medium,http://csa.hnjcjt.com/,,https://davidmegginson.github.io/ourairports-data/airports.csv,Wikidata P3872 patronage,http://www.caac.gov.cn/XXGK/XXGK/TJSJ/202303/P020230317397015127619.xlsx
Sochi International Airport,Sochi International Airport,AER,URSS,URSS,RU,Russia,RU-KDA,Sochi,Sochi,43.449902,39.9566,large_airport,yes,12500000,2025,medium_airport,medium,45,medium,https://aer.aero/en,,https://davidmegginson.github.io/ourairports-data/airports.csv,Wikidata P3872 patronage,https://expert.ru/promishlennost/vozdushnyy-shelkovyy-put/
Louis Armstrong New Orleans International Airport,Louis Armstrong New Orleans International Airport,MSY,KMSY,KMSY,US,United States,US-LA,New Orleans,New Orleans,29.993401,-90.264673,large_airport,yes,12434800,2025,medium_airport,medium,45,medium,https://flymsy.com/,,https://davidmegginson.github.io/ourairports-data/airports.csv,Wikidata P3872 patronage,https://flymsy.com/wp-content/uploads/2026/02/Airline-Statistics-December-2025.pdf
Catania-Fontanarossa Airport,Catania-Fontanarossa Airport,CTA,LICC,LICC,IT,Italy,IT-82,Catania,Catania,37.466801,15.0664,large_airport,yes,12369485,2025,medium_airport,medium,45,medium,http://www.aeroporto.catania.it/,,https://davidmegginson.github.io/ourairports-data/airports.csv,Wikidata P3872 patronage,https://assaeroporti.com/statistiche/?selectedYear=2025&month=12
General Abelardo L. Rodriguez International Airport,General Abelardo L. Rodriguez International Airport,TIJ,MMTJ,MMTJ,MX,Mexico,MX-BCN,Tijuana,Tijuana,32.541043,-116.969976,large_airport,yes,12324600,2022,medium_airport,medium,45,medium,http://aeropuertosgap.com.mx/english/airports/tijuana-airport,,https://davidmegginson.github.io/ourairports-data/airports.csv,Wikidata P3872 patronage,https://www.aeropuertosgap.com.mx/files/04_01_2023_PR_TRAFICO_DICIEMBRE_2022_ESP_VF.pdf
Luis Munoz Marin International Airport,Luis Munoz Marin International Airport,SJU,TJSJ,TJSJ,PR,Puerto Rico,PR-U-A,San Juan,San Juan,18.4394,-66.001801,large_airport,yes,12197553,2023,medium_airport,medium,45,medium,https://aeropuertosju.com/,,https://davidmegginson.github.io/ourairports-data/airports.csv,Wikidata P3872 patronage,http://www.wikidata.org/entity/Q1360523
Nice-Côte d'Azur Airport,Nice-Côte d'Azur Airport,NCE,LFMN,LFMN,FR,France,FR-PAC,"Nice, Alpes-Maritimes","Nice, Alpes-Maritimes",43.658401,7.21587,large_airport,yes,12119043,2022,medium_airport,medium,45,medium,https://www.nice.aeroport.fr/en,,https://davidmegginson.github.io/ourairports-data/airports.csv,Wikidata P3872 patronage,https://corporate.nice.aeroport.fr/content/download/42637/file/Statistiques-trafic-dec-2022.pdf?inLanguage=eng-GB
Viracopos International Airport,Viracopos International Airport,VCP,SBKP,SBKP,BR,Brazil,BR-SP,Campinas,Campinas,-23.007404,-47.134502,large_airport,yes,11917144,2022,medium_airport,medium,45,medium,https://www.viracopos.com/,,https://davidmegginson.github.io/ourairports-data/airports.csv,Wikidata P3872 patronage,https://www.gov.br/anac/pt-br/assuntos/dados-e-estatisticas/dados-estatisticos/arquivos/resumo_anual_2022.csv
Ezeiza International Airport - Ministro Pistarini,Ezeiza International Airport - Ministro Pistarini,EZE,SAEZ,SAEZ,AR,Argentina,AR-B,Buenos Aires (Ezeiza),Buenos Aires (Ezeiza),-34.8222,-58.5358,large_airport,yes,11911000,2025,medium_airport,medium,45,medium,https://www.aeropuertosargentina.com/es/EZE,,https://davidmegginson.github.io/ourairports-data/airports.csv,Wikidata P3872 patronage,https://docs.anac.gob.ar/index.php/s/pk8HDnYWX5X3aKL
Prince Mohammad Bin Abdulaziz Airport,Prince Mohammad Bin Abdulaziz Airport,MED,OEMA,OEMA,SA,Saudi Arabia,SA-03,Medina,Medina,24.5534,39.705101,large_airport,yes,11891855,2025,medium_airport,medium,45,medium,http://www.tibahairports.com/en-EN/Pages/Main.aspx,,https://davidmegginson.github.io/ourairports-data/airports.csv,Wikidata P3872 patronage,https://view.officeapps.live.com/op/view.aspx?src=https%3A%2F%2Fir.tav.aero%2Fuploads%2Fdocuments%2FDocuments08012026150303_.xlsx&wdOrigin=BROWSELINK
Venice Marco Polo Airport,Venice Marco Polo Airport,VCE,LIPZ,LIPZ,IT,Italy,IT-34,Venezia (VE),Venezia (VE),45.505299,12.3519,large_airport,yes,11850336,2025,medium_airport,medium,45,medium,http://www.veniceairport.com/core/index.jsp?_requestid=37300&language=en,,https://davidmegginson.github.io/ourairports-data/airports.csv,Wikidata P3872 patronage,https://assaeroporti.com/statistiche/?selectedYear=2025&month=12
Valencia Airport,Valencia Airport,VLC,LEVC,LEVC,ES,Spain,ES-VC,Valencia,Valencia,39.489162,-0.480961,large_airport,yes,11847527,2025,medium_airport,medium,45,medium,https://www.aena.es/en/valencia.html,,https://davidmegginson.github.io/ourairports-data/airports.csv,Wikidata P3872 patronage,http://www.wikidata.org/entity/Q20455825
Addis Ababa Bole International Airport,Addis Ababa Bole International Airport,ADD,HAAB,HAAB,ET,Ethiopia,ET-AA,Addis Ababa,Addis Ababa,8.97789,38.799301,large_airport,yes,11799224,2024,medium_airport,medium,45,medium,http://www.ethiopianairports.com,,https://davidmegginson.github.io/ourairports-data/airports.csv,Wikidata P3872 patronage,https://fracs.aero/2025/04/29/air-transport-data-bulletin-april-2025/
Wuhan Tianhe International Airport,Wuhan Tianhe International Airport,WUH,ZHHH,ZHHH,CN,China,CN-42,Wuhan (Huangpi),Wuhan (Huangpi),30.774798,114.213723,large_airport,yes,11606393,2022,medium_airport,medium,45,medium,http://www.whairport.com/,,https://davidmegginson.github.io/ourairports-data/airports.csv,Wikidata P3872 patronage,http://www.caac.gov.cn/XXGK/XXGK/TJSJ/202303/P020230317397015127619.xlsx
Kansas City International Airport,Kansas City International Airport,MCI,KMCI,KMCI,US,United States,US-MO,Kansas City,Kansas City,39.301699,-94.713893,large_airport,yes,11459954,2025,medium_airport,medium,45,medium,http://www.flykci.com/,,https://davidmegginson.github.io/ourairports-data/airports.csv,Wikidata P3872 patronage,https://flykc.cdn.prismic.io/flykc/aXzD6QIvOtkhCH5G_Stats2025Decemberv2.pdf
Almaty International Airport,Almaty International Airport,ALA,UAAA,UAAA,KZ,Kazakhstan,KZ-ALA,Almaty,Almaty,43.354267,77.042828,large_airport,yes,11426650,2024,medium_airport,medium,45,medium,http://www.alaport.com/en/,,https://davidmegginson.github.io/ourairports-data/airports.csv,Wikidata P3872 patronage,https://presse.groupeadp.fr/wp-content/uploads/2025/02/62a629fd6350d9d8c556026a30724963.pdf
Hurghada International Airport,Hurghada International Airport,HRG,HEGN,HEGN,EG,Egypt,EG-BA,Hurghada,Hurghada,27.176776,33.796692,large_airport,yes,11425529,2025,medium_airport,medium,45,medium,https://hurghada-airport.com/de/,,https://davidmegginson.github.io/ourairports-data/airports.csv,Wikidata P3872 patronage,https://fracs.aero/2026/04/28/air-transport-data-bulletin-april-2026/
John Wayne Orange County International Airport,John Wayne Orange County International Airport,SNA,KSNA,KSNA,US,United States,US-CA,Santa Ana,Santa Ana,33.675063,-117.869281,large_airport,yes,11369865,2025,medium_airport,medium,45,medium,http://www.ocair.com/,,https://davidmegginson.github.io/ourairports-data/airports.csv,Wikidata P3872 patronage,https://www.ocair.com/news/2026/01/22/statistics-december-2025/
Shijiazhuang Zhengding International Airport,Shijiazhuang Zhengding International Airport,SJW,ZBSJ,ZBSJ,CN,China,CN-13,Shijiazhuang,Shijiazhuang,38.280701,114.696999,large_airport,yes,11314852,2024,medium_airport,medium,45,medium,http://www.hebeiairport.cn/,,https://davidmegginson.github.io/ourairports-data/airports.csv,Wikidata P3872 patronage,https://www.caac.gov.cn/XXGK/XXGK/TJSJ/202503/P020250314353470214193.xlsx
Hohhot Baita International Airport,Hohhot Baita International Airport,HET,ZBHH,ZBHH,CN,China,CN-15,Hohhot,Hohhot,40.849658,111.824598,large_airport,yes,11304646,2023,medium_airport,medium,45,medium,http://www.hhhtbtjc.com/,,https://davidmegginson.github.io/ourairports-data/airports.csv,Wikidata P3872 patronage,https://www.caac.gov.cn/XXGK/XXGK/TJSJ/202403/t20240320_223261.html
Edinburgh Airport,Edinburgh Airport,EDI,EGPH,EGPH,GB,United Kingdom,GB-SCT,Edinburgh,Edinburgh,55.950145,-3.372288,large_airport,yes,11261873,2022,medium_airport,medium,45,medium,http://www.edinburghairport.com/,,https://davidmegginson.github.io/ourairports-data/airports.csv,Wikidata P3872 patronage,https://www.adsadvance.co.uk/edinburgh-airport-records-strong-recovery-in-2022.html
Haikou Meilan International Airport,Haikou Meilan International Airport,HAK,ZJHK,ZJHK,CN,China,CN-46,Haikou (Meilan),Haikou (Meilan),19.9349,110.459,large_airport,yes,11162161,2022,medium_airport,medium,45,medium,http://www.mlairport.com,,https://davidmegginson.github.io/ourairports-data/airports.csv,Wikidata P3872 patronage,http://www.caac.gov.cn/XXGK/XXGK/TJSJ/202303/P020230317397015127619.xlsx
Bologna Guglielmo Marconi Airport,Bologna Guglielmo Marconi Airport,BLQ,LIPE,LIPE,IT,Italy,IT-45,Bologna,Bologna,44.5354,11.2887,large_airport,yes,11138013,2025,medium_airport,medium,45,medium,http://www.bologna-airport.it/?LN=UK,,https://davidmegginson.github.io/ourairports-data/airports.csv,Wikidata P3872 patronage,https://assaeroporti.com/statistiche/?selectedYear=2025&month=12
Milano Linate Airport,Milano Linate Airport,LIN,LIML,LIML,IT,Italy,IT-25,Segrate (MI),Segrate (MI),45.445099,9.27674,large_airport,yes,11131764,2025,medium_airport,medium,45,medium,http://www.sea-aeroportimilano.it/en/,,https://davidmegginson.github.io/ourairports-data/airports.csv,Wikidata P3872 patronage,https://assaeroporti.com/statistiche/?selectedYear=2025&month=12
Kraków John Paul II International Airport,Kraków John Paul II International Airport,KRK,EPKK,EPKK,PL,Poland,PL-MA,Balice,Balice,50.077702,19.7848,large_airport,yes,11080830,2024,medium_airport,medium,45,medium,http://www.krakowairport.pl/en/,,https://davidmegginson.github.io/ourairports-data/airports.csv,Wikidata P3872 patronage,https://krakowairport.pl/pl/firma/biznes/uslugi-lotnicze/statystyki
Sunan Shuofang International Airport,Sunan Shuofang International Airport,WUX,ZSWX,ZSWX,CN,China,CN-32,Wuxi,Wuxi,31.496952,120.43038,large_airport,yes,10967778,2025,medium_airport,medium,45,medium,,,https://davidmegginson.github.io/ourairports-data/airports.csv,Wikidata P3872 patronage,http://www.wikidata.org/entity/Q1433255
Tenerife Sur Airport,Tenerife Sur Airport,TFS,GCTS,GCTS,ES,Spain,ES-CN,Tenerife,Tenerife,28.0445,-16.5725,large_airport,yes,10821703,2022,medium_airport,medium,45,medium,https://www.aena.es/en/tenerife-sur.html,,https://davidmegginson.github.io/ourairports-data/airports.csv,Wikidata P3872 patronage,https://www.aena.es/sites/Satellite?blobcol=urldata&blobkey=id&blobtable=MungoBlobs&blobwhere=1576861734447&ssbinary=true
San Antonio International Airport,San Antonio International Airport,SAT,KSAT,KSAT,US,United States,US-TX,San Antonio,San Antonio,29.533701,-98.469803,large_airport,yes,10676570,2023,medium_airport,medium,45,medium,https://www.sanantonio.gov/aviation,,https://davidmegginson.github.io/ourairports-data/airports.csv,Wikidata P3872 patronage,http://www.wikidata.org/entity/Q1432706
Norman Y. Mineta San Jose International Airport,Norman Y. Mineta San Jose International Airport,SJC,KSJC,KSJC,US,United States,US-CA,San Jose,San Jose,37.362452,-121.929188,large_airport,yes,10675167,2025,medium_airport,medium,45,medium,https://www.flysanjose.com/,,https://davidmegginson.github.io/ourairports-data/airports.csv,Wikidata P3872 patronage,https://www.flysanjose.com/sites/default/files/financial/activity_reports/REV_DEC25%20CY%20Statistics%20_signed.pdf
Chubu Centrair International Airport,Chubu Centrair International Airport,NGO,RJGG,RJGG,JP,Japan,JP-23,Tokoname,Tokoname,34.858398,136.804993,large_airport,yes,10616189,2024,medium_airport,medium,45,medium,https://www.centrair.jp/en/index.html,,https://davidmegginson.github.io/ourairports-data/airports.csv,Wikidata P3872 patronage,https://www.mlit.go.jp/koku/15_bf_000185.html
Indianapolis International Airport,Indianapolis International Airport,IND,KIND,KIND,US,United States,US-IN,Indianapolis,Indianapolis,39.7173,-86.294403,large_airport,yes,10616093,2025,medium_airport,medium,45,medium,http://www.indianapolisairport.com/,,https://davidmegginson.github.io/ourairports-data/airports.csv,Wikidata P3872 patronage,https://d1j6zi7czwjuok.cloudfront.net/iaa-images/reports/Final-December-2025-Airline-Activity-Report.pdf
Nanchang Changbei International Airport,Nanchang Changbei International Airport,KHN,ZSCN,ZSCN,CN,China,CN-36,Nanchang,Nanchang,28.864815,115.90271,large_airport,yes,10205783,2023,medium_airport,medium,45,medium,,,https://davidmegginson.github.io/ourairports-data/airports.csv,Wikidata P3872 patronage,https://www.caac.gov.cn/XXGK/XXGK/TJSJ/202403/t20240320_223261.html
Santos Dumont Airport,Santos Dumont Airport,SDU,SBRJ,SBRJ,BR,Brazil,BR-RJ,Rio de Janeiro,Rio de Janeiro,-22.910397,-43.16282,large_airport,yes,10187401,2022,medium_airport,medium,45,medium,https://www4.infraero.gov.br/aeroporto-santos-dumont/,,https://davidmegginson.github.io/ourairports-data/airports.csv,Wikidata P3872 patronage,https://www.gov.br/anac/pt-br/assuntos/dados-e-estatisticas/dados-estatisticos/arquivos/resumo_anual_2022.csv
Xiamen Gaoqi International Airport,Xiamen Gaoqi International Airport,XMN,ZSAM,ZSAM,CN,China,CN-35,Xiamen,Xiamen,24.543889,118.127454,large_airport,yes,10125604,2022,medium_airport,medium,45,medium,http://www.xiagc.com.cn/enweb/,,https://davidmegginson.github.io/ourairports-data/airports.csv,Wikidata P3872 patronage,http://www.caac.gov.cn/XXGK/XXGK/TJSJ/202303/P020230317397015127619.xlsx
Southwest Florida International Airport,Southwest Florida International Airport,RSW,KRSW,KRSW,US,United States,US-FL,Fort Myers,Fort Myers,26.534685,-81.752816,large_airport,yes,10069839,2023,medium_airport,medium,45,medium,http://www.flylcpa.com/,,https://davidmegginson.github.io/ourairports-data/airports.csv,Wikidata P3872 patronage,http://www.wikidata.org/entity/Q1500002
Ürümqi Tianshan International Airport,Ürümqi Tianshan International Airport,URC,ZWWW,ZWWW,CN,China,CN-65,Ürümqi,Ürümqi,43.913584,87.479372,large_airport,yes,10035368,2022,medium_airport,medium,45,medium,,,https://davidmegginson.github.io/ourairports-data/airports.csv,Wikidata P3872 patronage,http://www.caac.gov.cn/XXGK/XXGK/TJSJ/202303/P020230317397015127619.xlsx
Gimhae International Airport,Gimhae International Airport,PUS,RKPK,RKPK,KR,South Korea,KR-26,Busan,Busan,35.179501,128.938004,large_airport,yes,10027097,2022,medium_airport,medium,45,medium,https://www.airport.co.kr/gimhaeeng/index.do,,https://davidmegginson.github.io/ourairports-data/airports.csv,Wikidata P3872 patronage,https://www.airport.co.kr/www/cms/frCon/index.do?MENU_ID=1250#none
Cleveland Hopkins International Airport,Cleveland Hopkins International Airport,CLE,KCLE,KCLE,US,United States,US-OH,Cleveland,Cleveland,41.411701,-81.8498,large_airport,yes,10003833,2025,medium_airport,medium,45,medium,http://www.clevelandairport.com/,,https://davidmegginson.github.io/ourairports-data/airports.csv,Wikidata P3872 patronage,https://www.clevelandairport.com/about-cle/facts-figures
Cam Ranh International Airport / Cam Ranh Air Base,Cam Ranh International Airport / Cam Ranh Air Base,CXR,VVCR,VVCR,VN,Vietnam,VN-SCC,Nha Trang/nha Trang aiurportCam Ranh,Nha Trang/nha Trang aiurportCam Ranh,11.9982,109.219002,large_airport,yes,10000000,2019,medium_airport,medium,45,medium,https://camranh.aero,,https://davidmegginson.github.io/ourairports-data/airports.csv,Wikidata P3872 patronage,http://www.wikidata.org/entity/Q25226
Pittsburgh International Airport,Pittsburgh International Airport,PIT,KPIT,KPIT,US,United States,US-PA,Pittsburgh,Pittsburgh,40.491501,-80.232903,large_airport,yes,9848440,2025,medium_airport,medium,45,medium,https://flypittsburgh.com/,,https://davidmegginson.github.io/ourairports-data/airports.csv,Wikidata P3872 patronage,https://flypittsburgh.com/wp-content/themes/Divi-ACAA/reports-financials/monthly-airport-statistics/2025/December-2025-Summary-Report-v3.pdf
Guiyang Longdongbao International Airport,Guiyang Longdongbao International Airport,KWE,ZUGY,ZUGY,CN,China,CN-52,Guiyang (Nanming),Guiyang (Nanming),26.541805,106.80402,large_airport,yes,9797755,2022,medium_airport,medium,45,medium,http://www.gyairport.com,,https://davidmegginson.github.io/ourairports-data/airports.csv,Wikidata P3872 patronage,http://www.caac.gov.cn/XXGK/XXGK/TJSJ/202303/P020230317397015127619.xlsx
Seville Airport,Seville Airport,SVQ,LEZL,LEZL,ES,Spain,ES-AN,Seville,Seville,37.417999,-5.89311,large_airport,yes,9686487,2025,medium_airport,medium,45,medium,https://www.aena.es/en/seville.html,,https://davidmegginson.github.io/ourairports-data/airports.csv,Wikidata P3872 patronage,http://www.wikidata.org/entity/Q1344758
Novosibirsk Tolmachevo Airport,Novosibirsk Tolmachevo Airport,OVB,UNNT,UNNT,RU,Russia,RU-NVS,Novosibirsk,Novosibirsk,55.019756,82.618675,large_airport,yes,9680000,2025,medium_airport,medium,45,medium,http://eng.tolmachevo.ru/,,https://davidmegginson.github.io/ourairports-data/airports.csv,Wikidata P3872 patronage,https://expert.ru/promishlennost/vozdushnyy-shelkovyy-put/
Birmingham Airport,Birmingham Airport,BHX,EGBB,EGBB,GB,United Kingdom,GB-ENG,"Birmingham, West Midlands","Birmingham, West Midlands",52.453899,-1.74803,large_airport,yes,9595557,2022,medium_airport,medium,45,medium,https://www.birminghamairport.co.uk/,,https://davidmegginson.github.io/ourairports-data/airports.csv,Wikidata P3872 patronage,https://www.caa.co.uk/Documents/Download/9077/31632962-d7b6-4df4-a5fd-6df78e65d88c/5578
Chiang Mai International Airport,Chiang Mai International Airport,CNX,VTCC,VTCC,TH,Thailand,TH-50,Chiang Mai,Chiang Mai,18.766799926799997,98.962600708,large_airport,yes,9517206,2025,medium_airport,medium,45,medium,http://www.chiangmaiairportthai.com/,,https://davidmegginson.github.io/ourairports-data/airports.csv,Wikidata P3872 patronage,https://app.powerbi.com/view?r=eyJrIjoiYmM2YjA2OWUtZmQxOS00YTkxLWJlNzMtMjE2NjJkMjMxYTg1IiwidCI6ImM2N2ZmODk5LWJlZjUtNGQ3MC04ZmE1LWUzNTgzZGM3Njg3MCIsImMiOjEwfQ%3D%3D
Sanya Phoenix International Airport,Sanya Phoenix International Airport,SYX,ZJSY,ZJSY,CN,China,CN-46,Sanya (Tianya),Sanya (Tianya),18.3029,109.412003,large_airport,yes,9514348,2022,medium_airport,medium,45,medium,http://www.sanyaairport.com,,https://davidmegginson.github.io/ourairports-data/airports.csv,Wikidata P3872 patronage,http://www.caac.gov.cn/XXGK/XXGK/TJSJ/202303/P020230317397015127619.xlsx
Harbin Taiping International Airport,Harbin Taiping International Airport,HRB,ZYHB,ZYHB,CN,China,CN-23,Harbin,Harbin,45.623402,126.25,large_airport,yes,9496490,2022,medium_airport,medium,45,medium,http://www.haerbinairport.com/,,https://davidmegginson.github.io/ourairports-data/airports.csv,Wikidata P3872 patronage,http://www.caac.gov.cn/XXGK/XXGK/TJSJ/202303/P020230317397015127619.xlsx
Tancredo Neves International Airport,Tancredo Neves International Airport,CNF,SBCF,SBCF,BR,Brazil,BR-MG,Belo Horizonte,Belo Horizonte,-19.63571,-43.966928,large_airport,yes,9428651,2022,medium_airport,medium,45,medium,http://www.infraero.gov.br/usa/aero_prev_home.php?ai=207,,https://davidmegginson.github.io/ourairports-data/airports.csv,Wikidata P3872 patronage,https://www.gov.br/anac/pt-br/assuntos/dados-e-estatisticas/dados-estatisticos/arquivos/resumo_anual_2022.csv
Shenyang Taoxian International Airport,Shenyang Taoxian International Airport,SHE,ZYTX,ZYTX,CN,China,CN-21,Shenyang,Shenyang,41.6398,123.483668,large_airport,yes,9387281,2022,medium_airport,medium,45,medium,http://www.taoxianairport.com/indexenglish.thm,,https://davidmegginson.github.io/ourairports-data/airports.csv,Wikidata P3872 patronage,http://www.caac.gov.cn/XXGK/XXGK/TJSJ/202303/P020230317397015127619.xlsx
Zhengzhou Xinzheng International Airport,Zhengzhou Xinzheng International Airport,CGO,ZHCC,ZHCC,CN,China,CN-41,Zhengzhou,Zhengzhou,34.526497,113.849165,large_airport,yes,9221674,2022,medium_airport,medium,45,medium,http://www.zzairport.com/,,https://davidmegginson.github.io/ourairports-data/airports.csv,Wikidata P3872 patronage,http://www.caac.gov.cn/XXGK/XXGK/TJSJ/202303/P020230317397015127619.xlsx
Oakland San Francisco Bay Airport,Oakland San Francisco Bay Airport,OAK,KOAK,KOAK,US,United States,US-CA,Oakland,Oakland,37.720085,-122.221184,large_airport,yes,9210509,2025,medium_airport,medium,45,medium,https://www.iflyoak.com/,,https://davidmegginson.github.io/ourairports-data/airports.csv,Wikidata P3872 patronage,https://www.iflyoak.com/wp-content/uploads/2026/02/December-2025-Monthly-Statistical-Report.pdf
Punta Cana International Airport,Punta Cana International Airport,PUJ,MDPC,MDPC,DO,Dominican Republic,DO-11,Punta Cana,Punta Cana,18.567093,-68.364558,large_airport,yes,9162782,2023,medium_airport,medium,45,medium,https://www.puntacanainternationalairport.com/,,https://davidmegginson.github.io/ourairports-data/airports.csv,Wikidata P3872 patronage,http://www.wikidata.org/entity/Q1352042
Marseille Provence Airport,Marseille Provence Airport,MRS,LFML,LFML,FR,France,FR-PAC,"Marignane, Bouches-du-Rhône","Marignane, Bouches-du-Rhône",43.438088,5.2125,large_airport,yes,9148306,2022,medium_airport,medium,45,medium,https://www.marseille.aeroport.fr/,,https://davidmegginson.github.io/ourairports-data/airports.csv,Wikidata P3872 patronage,https://www.aeroport.fr/uploads/documents/CONGRES%202022/DOSSIER%20DE%20PRESSE_STATS_2022_v2.pdf
Ibiza Airport,Ibiza Airport,IBZ,LEIB,LEIB,ES,Spain,ES-IB,Ibiza (Eivissa),Ibiza (Eivissa),38.872898,1.37312,large_airport,yes,9138224,2025,medium_airport,medium,45,medium,https://www.aena.es/en/ibiza.html,,https://davidmegginson.github.io/ourairports-data/airports.csv,Wikidata P3872 patronage,http://www.wikidata.org/entity/Q1431549
Stuttgart Airport,Stuttgart Airport,STR,EDDS,EDDS,DE,Germany,DE-BW,Stuttgart,Stuttgart,48.689899,9.22196,large_airport,yes,9100000,2024,medium_airport,medium,45,medium,http://www.flughafen-stuttgart.de/,,https://davidmegginson.github.io/ourairports-data/airports.csv,Wikidata P3872 patronage,http://www.wikidata.org/entity/Q158732
Sharm El Sheikh International Airport,Sharm El Sheikh International Airport,SSH,HESH,HESH,EG,Egypt,EG-JS,Sharm El Sheikh,Sharm El Sheikh,27.977272,34.394717,large_airport,yes,9046690,2025,medium_airport,medium,45,medium,,,https://davidmegginson.github.io/ourairports-data/airports.csv,Wikidata P3872 patronage,https://fracs.aero/2026/04/28/air-transport-data-bulletin-april-2026/
John Glenn Columbus International Airport,John Glenn Columbus International Airport,CMH,KCMH,KCMH,US,United States,US-OH,Columbus,Columbus,39.998001,-82.891899,large_airport,yes,9014264,2025,medium_airport,medium,45,medium,https://flycolumbus.com/,,https://davidmegginson.github.io/ourairports-data/airports.csv,Wikidata P3872 patronage,https://flycolumbus.com/wp-content/uploads/2026/01/December-2025-Monthly-Stats-Report.pdf
Cincinnati Northern Kentucky International Airport,Cincinnati Northern Kentucky International Airport,CVG,KCVG,KCVG,US,United States,US-KY,Cincinnati / Covington,Cincinnati / Covington,39.048801,-84.667801,large_airport,yes,8971128,2025,medium_airport,medium,45,medium,https://www.cvgairport.com/,,https://davidmegginson.github.io/ourairports-data/airports.csv,Wikidata P3872 patronage,http://www.wikidata.org/entity/Q151121
César Manrique-Lanzarote Airport,César Manrique-Lanzarote Airport,ACE,GCRR,GCRR,ES,Spain,ES-CN,San Bartolomé,San Bartolomé,28.945499,-13.6052,large_airport,yes,8920901,2025,medium_airport,medium,45,medium,https://www.lanzaroteairport.info/barrier-free-disability-assistance-service/,,https://davidmegginson.github.io/ourairports-data/airports.csv,Wikidata P3872 patronage,http://www.wikidata.org/entity/Q1430865
Hazrat Shahjalal International Airport,Hazrat Shahjalal International Airport,DAC,VGHS,VGHS,BD,Bangladesh,BD-3,Dhaka,Dhaka,23.843347,90.397783,large_airport,yes,8898000,2018,medium_airport,medium,45,medium,https://www.hsia.gov.bd/,,https://davidmegginson.github.io/ourairports-data/airports.csv,Wikidata P3872 patronage,http://bbs.portal.gov.bd/sites/default/files/files/bbs.portal.gov.bd/page/b2db8758_8497_412c_a9ec_6bb299f8b3ab/SYB-2018.pdf
Mashhad International Airport,Mashhad International Airport,MHD,OIMM,OIMM,IR,Iran,IR-09,Mashhad,Mashhad,36.234821,59.642949,large_airport,yes,8861319,2019,medium_airport,medium,45,medium,https://mashhad.airport.ir/,,https://davidmegginson.github.io/ourairports-data/airports.csv,Wikidata P3872 patronage,http://www.wikidata.org/entity/Q1152024
Beirut Rafic Hariri International Airport,Beirut Rafic Hariri International Airport,BEY,OLBA,OLBA,LB,Lebanon,LB-JL,Beirut,Beirut,33.819833,35.487443,large_airport,yes,8834819,2018,medium_airport,medium,45,medium,http://www.beirutairport.gov.lb/,,https://davidmegginson.github.io/ourairports-data/airports.csv,Wikidata P3872 patronage,https://www.beirutairport.gov.lb/_statistic.php
Cologne Bonn Airport,Cologne Bonn Airport,CGN,EDDK,EDDK,DE,Germany,DE-NW,Köln (Cologne),Köln (Cologne),50.865898,7.14274,large_airport,yes,8756712,2022,medium_airport,medium,45,medium,http://www.koeln-bonn-airport.de/en/,,https://davidmegginson.github.io/ourairports-data/airports.csv,Wikidata P3872 patronage,https://www.adv.aero/wp-content/uploads/2015/11/12.2022-ADV-Monatsstatistik.pdf
Palm Beach International Airport,Palm Beach International Airport,PBI,KPBI,KPBI,US,United States,US-FL,West Palm Beach,West Palm Beach,26.683201,-80.095596,large_airport,yes,8657372,2025,medium_airport,medium,45,medium,https://www.pbia.org/,,https://davidmegginson.github.io/ourairports-data/airports.csv,Wikidata P3872 patronage,http://www.wikidata.org/entity/Q1432310
Recife/Guararapes - Gilberto Freyre International Airport,Recife/Guararapes - Gilberto Freyre International Airport,REC,SBRF,SBRF,BR,Brazil,BR-PE,Recife,Recife,-8.12747,-34.922961,large_airport,yes,8631385,2022,medium_airport,medium,45,medium,http://www.infraero.gov.br/usa/aero_prev_home.php?ai=163,,https://davidmegginson.github.io/ourairports-data/airports.csv,Wikidata P3872 patronage,https://www.gov.br/anac/pt-br/assuntos/dados-e-estatisticas/dados-estatisticos/arquivos/resumo_anual_2022.csv
Lyon Saint-Exupéry Airport,Lyon Saint-Exupéry Airport,LYS,LFLL,LFLL,FR,France,FR-ARA,"Colombier-Saugnieu, Rhône","Colombier-Saugnieu, Rhône",45.725996,5.090139,large_airport,yes,8558341,2022,medium_airport,medium,45,medium,https://www.lyonaeroports.com/,,https://davidmegginson.github.io/ourairports-data/airports.csv,Wikidata P3872 patronage,https://www.aeroport.fr/uploads/documents/CONGRES%202022/DOSSIER%20DE%20PRESSE_STATS_2022_v2.pdf
Adisutjipto International Airport,Adisutjipto International Airport,JOG,WAHH,WARJ,ID,Indonesia,ID-YO,Yogyakarta,Yogyakarta,-7.78818,110.431999,medium_airport,yes,8430622,2018,medium_airport,medium,40,medium,https://adisutjipto-airport.co.id/,,https://davidmegginson.github.io/ourairports-data/airports.csv,Wikidata P3872 patronage,http://www.wikidata.org/entity/Q1430731
Belgrade Nikola Tesla Airport,Belgrade Nikola Tesla Airport,BEG,LYBE,LYBE,RS,Serbia,RS-00,Belgrade,Belgrade,44.818401,20.309099,large_airport,yes,8367931,2024,medium_airport,medium,45,medium,http://www.beg.aero/,,https://davidmegginson.github.io/ourairports-data/airports.csv,Wikidata P3872 patronage,http://www.wikidata.org/entity/Q127955
Adelaide International Airport,Adelaide International Airport,ADL,YPAD,YPAD,AU,Australia,AU-SA,Adelaide,Adelaide,-34.947512,138.533393,large_airport,yes,8351636,2024,medium_airport,medium,45,medium,https://www.adelaideairport.com.au,,https://davidmegginson.github.io/ourairports-data/airports.csv,Wikidata P3872 patronage,https://www.bitre.gov.au/sites/default/files/documents/WebAirport_CY_1985-2024.xlsx
Nursultan Nazarbayev International Airport,Nursultan Nazarbayev International Airport,NQZ,UACC,UACC,KZ,Kazakhstan,KZ-AST,Astana,Astana,51.027035,71.467094,large_airport,yes,8315108,2024,medium_airport,medium,45,medium,https://www.nn-airport.kz,,https://davidmegginson.github.io/ourairports-data/airports.csv,Wikidata P3872 patronage,https://www.inform.kz/ru/mezhdunarodniy-aeroport-astani-tsifri-fakti-dinamika-razvitiya-9eb21d
Koltsovo Airport,Koltsovo Airport,SVX,USSS,USSS,RU,Russia,RU-SVE,Yekaterinburg,Yekaterinburg,56.743099212646,60.802700042725,large_airport,yes,8300000,2025,medium_airport,medium,45,medium,http://www.koltsovo.ru/en/,,https://davidmegginson.github.io/ourairports-data/airports.csv,Wikidata P3872 patronage,https://expert.ru/promishlennost/vozdushnyy-shelkovyy-put/
Brussels South Charleroi Airport,Brussels South Charleroi Airport,CRL,EBCI,EBCI,BE,Belgium,BE-WHT,Charleroi,Charleroi,50.461963,4.459562,large_airport,yes,8272000,2022,medium_airport,medium,45,medium,http://www.charleroi-airport.com,,https://davidmegginson.github.io/ourairports-data/airports.csv,Wikidata P3872 patronage,https://trends.levif.be/entreprises/les-aeroports-belges-se-redressent-bien/
Heraklion International Nikos Kazantzakis Airport,Heraklion International Nikos Kazantzakis Airport,HER,LGIR,LGIR,GR,Greece,GR-M,Heraklion,Heraklion,35.339699,25.1803,large_airport,yes,8087146,2022,medium_airport,medium,45,medium,https://www.heraklion-airport.gr/en/,,https://davidmegginson.github.io/ourairports-data/airports.csv,Wikidata P3872 patronage,http://www.ypa.gr/userfiles/4659ed30-b59b-4111-9747-a3550129731a/(EL)%20%ce%9a%ce%99%ce%9d%ce%97%ce%a3%ce%97%20%ce%91%ce%95%ce%a1%ce%9f%ce%9b%ce%99%ce%9c%ce%95%ce%9d%ce%a9%ce%9d%202022%2012%20(2).xlsx
Sofia Airport,Sofia Airport,SOF,LBSF,LBSF,BG,Bulgaria,BG-22,Sofia,Sofia,42.696357,23.417671,large_airport,yes,7992702,2024,medium_airport,medium,45,medium,http://sofia-airport.bg,,https://davidmegginson.github.io/ourairports-data/airports.csv,Wikidata P3872 patronage,https://www.caa.bg/en/category/292/17285
Bari Karol Wojtyła International Airport,Bari Karol Wojtyła International Airport,BRI,LIBD,LIBD,IT,Italy,IT-75,Bari,Bari,41.138901,16.760599,large_airport,yes,7977881,2025,medium_airport,medium,45,medium,http://www.seap-puglia.it/default.asp?idlingua=2&idcontenuto=25,,https://davidmegginson.github.io/ourairports-data/airports.csv,Wikidata P3872 patronage,https://assaeroporti.com/statistiche/?selectedYear=2025&month=12
Houari Boumediene Airport,Houari Boumediene Airport,ALG,DAAG,DAAG,DZ,Algeria,DZ-16,Algiers,Algiers,36.693886,3.214531,large_airport,yes,7975412,2018,medium_airport,medium,45,medium,https://www.aeroportalger.dz/,,https://davidmegginson.github.io/ourairports-data/airports.csv,Wikidata P3872 patronage,https://aci.aero/data-centre/airport-statistics-infographics/
Bristol Airport,Bristol Airport,BRS,EGGD,EGGD,GB,United Kingdom,GB-ENG,Bristol,Bristol,51.382326,-2.716453,large_airport,yes,7945038,2022,medium_airport,medium,45,medium,http://www.bristolairport.co.uk/,,https://davidmegginson.github.io/ourairports-data/airports.csv,Wikidata P3872 patronage,https://www.caa.co.uk/Documents/Download/9077/31632962-d7b6-4df4-a5fd-6df78e65d88c/5576
Queen Alia International Airport,Queen Alia International Airport,AMM,OJAI,OJAI,JO,Jordan,JO-AM,Amman,Amman,31.7226009369,35.9931983948,large_airport,yes,7837501,2022,medium_airport,medium,45,medium,https://qaiairport.com,,https://davidmegginson.github.io/ourairports-data/airports.csv,Wikidata P3872 patronage,https://www.parisaeroport.fr/docs/default-source/groupe-fichiers/finance/information-r%C3%A9glement%C3%A9e-amf/communiqu%C3%A9s-information-permanente/2022/a%C3%A9roports-de-paris-sa---december-2022-traffic-figures.pdf?sfvrsn=47a61a05_0
Keflavik International Airport,Keflavik International Airport,KEF,BIKF,BIKF,IS,Iceland,IS-2,Reykjavík,Reykjavík,63.985001,-22.6056,large_airport,yes,7776147,2023,medium_airport,medium,45,medium,https://www.isavia.is/en/keflavik-airport,,https://davidmegginson.github.io/ourairports-data/airports.csv,Wikidata P3872 patronage,http://www.wikidata.org/entity/Q139921
Kahului International Airport,Kahului International Airport,OGG,PHOG,PHOG,US,United States,US-HI,Kahului,Kahului,20.896263,-156.431837,large_airport,yes,7736001,2023,medium_airport,medium,45,medium,https://airports.hawaii.gov/ogg/,,https://davidmegginson.github.io/ourairports-data/airports.csv,Wikidata P3872 patronage,http://www.wikidata.org/entity/Q1431637
Macau International Airport,Macau International Airport,MFM,VMMC,VMMC,MO,Macau,MO-CAR,Nossa Senhora do Carmo,Nossa Senhora do Carmo,22.149599,113.592003,large_airport,yes,7641495,2024,medium_airport,medium,45,medium,http://www.macau-airport.gov.mo/en/index.php,,https://davidmegginson.github.io/ourairports-data/airports.csv,Wikidata P3872 patronage,https://www.camacau.com/en/OurBusiness/TrafficStatsPassengers
Mohammed V International Airport,Mohammed V International Airport,CMN,GMMN,GMMN,MA,Morocco,MA-06,Casablanca,Casablanca,33.3675,-7.58997,large_airport,yes,7637643,2022,medium_airport,medium,45,medium,https://www.aeroportcasablanca.ma/en/Our-Airports/Casablanca-Mohammed-V-Airport,,https://davidmegginson.github.io/ourairports-data/airports.csv,Wikidata P3872 patronage,https://www.onda.ma/content/download/13540/176818/version/28/fichier/Les+statistiques+du+trafic+a%C3%A9rien+du+mois+de+d%C3%A9cembre+2022.xlsx
Sultan Aji Muhammad Sulaiman Sepinggan International Airport,Sultan Aji Muhammad Sulaiman Sepinggan International Airport,BPN,WALL,WALL,ID,Indonesia,ID-KI,Balikpapan,Balikpapan,-1.268342,116.89452,large_airport,yes,7553190,2018,medium_airport,medium,45,medium,http://sepinggan-airport.com/,,https://davidmegginson.github.io/ourairports-data/airports.csv,Wikidata P3872 patronage,http://www.wikidata.org/entity/Q263652
Edmonton International Airport,Edmonton International Airport,YEG,CYEG,CYEG,CA,Canada,CA-AB,Edmonton,Edmonton,53.3097,-113.580002,large_airport,yes,7533466,2024,medium_airport,medium,45,medium,http://www.edmontonairports.com/,,https://davidmegginson.github.io/ourairports-data/airports.csv,Wikidata P3872 patronage,https://www150.statcan.gc.ca/t1/tbl1/en/tv.action?pid=2310025301
Los Cabos International Airport,Los Cabos International Airport,SJD,MMSD,MMSD,MX,Mexico,MX-BCS,San José del Cabo,San José del Cabo,23.151919,-109.720731,large_airport,yes,7459841,2023,medium_airport,medium,45,medium,https://www.loscabosairport.com/,,https://davidmegginson.github.io/ourairports-data/airports.csv,Wikidata P3872 patronage,https://www.gob.mx/afac/acciones-y-programas/estadisticas-280404
Jacksonville International Airport,Jacksonville International Airport,JAX,KJAX,KJAX,US,United States,US-FL,Jacksonville,Jacksonville,30.492469,-81.687813,large_airport,yes,7446084,2023,medium_airport,medium,45,medium,https://www.flyjacksonville.com/,,https://davidmegginson.github.io/ourairports-data/airports.csv,Wikidata P3872 patronage,http://www.wikidata.org/entity/Q1431579
Halim Perdanakusuma International Airport,Halim Perdanakusuma International Airport,HLP,WIHH,WIHH,ID,Indonesia,ID-JK,Jakarta,Jakarta,-6.266989,106.890318,large_airport,yes,7400000,2018,medium_airport,medium,45,medium,https://www.angkasapura2.co.id/cabang/hlp/content.php?menu=8&page_id=1,,https://davidmegginson.github.io/ourairports-data/airports.csv,Wikidata P3872 patronage,http://www.wikidata.org/entity/Q1032934
Tribhuvan International Airport,Tribhuvan International Airport,KTM,VNKT,VNKT,NP,Nepal,NP-P3,Kathmandu,Kathmandu,27.6966,85.3591,large_airport,yes,7327042,2019,medium_airport,medium,45,medium,https://www.tiairport.com.np/,,https://davidmegginson.github.io/ourairports-data/airports.csv,Wikidata P3872 patronage,https://caanepal.gov.np/storage/app/uploads/public/5ff/2c3/8de/5ff2c38de0957043775720.pdf
Jinnah International Airport,Jinnah International Airport,KHI,OPKC,OPKC,PK,Pakistan,PK-SD,Karachi,Karachi,24.9065,67.160797,large_airport,yes,7267582,2017,medium_airport,medium,45,medium,http://www.karachiairport.com.pk,,https://davidmegginson.github.io/ourairports-data/airports.csv,Wikidata P3872 patronage,http://www.wikidata.org/entity/Q61052
Tirana International Airport Mother Teresa,Tirana International Airport Mother Teresa,TIA,LATI,LATI,AL,Albania,AL-02,Rinas,Rinas,41.4147,19.7206,large_airport,yes,7257634,2023,medium_airport,medium,45,medium,http://www.tirana-airport.com/,,https://davidmegginson.github.io/ourairports-data/airports.csv,Wikidata P3872 patronage,https://www.tirana-airport.com/en/article/997/Tirana-International-Airport-%28TIA%29-Reports-Record-Breaking-7.25-Million-Passengers-in-2023
Alfonso Bonilla Aragon International Airport,Alfonso Bonilla Aragon International Airport,CLO,SKCL,SKCL,CO,Colombia,CO-VAC,Cali,Cali,3.542717,-76.381898,large_airport,yes,7217373,2022,medium_airport,medium,45,medium,https://www.aerocali.com.co/,,https://davidmegginson.github.io/ourairports-data/airports.csv,Wikidata P3872 patronage,https://www.aerocivil.gov.co/atencion/estadisticas-de-las-actividades-aeronauticas/Estadsticas%20operacionales/Estad%C3%ADsticas%20de%20Tr%C3%A1fico%20de%20Aeropuertos%20Diciembre%202022.xlsx
Falcone–Borsellino Airport,Falcone–Borsellino Airport,PMO,LICJ,LICJ,IT,Italy,IT-82,Palermo,Palermo,38.175999,13.091,large_airport,yes,7117822,2022,medium_airport,medium,45,medium,http://www.gesap.it/index.php,,https://davidmegginson.github.io/ourairports-data/airports.csv,Wikidata P3872 patronage,https://assaeroporti.com/wp-content/plugins/multipage_xls_reader/excel_file/2022_12.xls
Rafael Nuñez International Airport,Rafael Nuñez International Airport,CTG,SKCG,SKCG,CO,Colombia,CO-BOL,Cartagena,Cartagena,10.4424,-75.513,large_airport,yes,7087788,2022,medium_airport,medium,45,medium,http://www.sacsa.com.co/,,https://davidmegginson.github.io/ourairports-data/airports.csv,Wikidata P3872 patronage,https://www.aerocivil.gov.co/atencion/estadisticas-de-las-actividades-aeronauticas/Estadsticas%20operacionales/Estad%C3%ADsticas%20de%20Tr%C3%A1fico%20de%20Aeropuertos%20Diciembre%202022.xlsx
Bilbao Airport,Bilbao Airport,BIO,LEBB,LEBB,ES,Spain,ES-PV,Bilbao,Bilbao,43.301102,-2.91061,large_airport,yes,7062681,2025,medium_airport,medium,45,medium,https://www.aena.es/en/bilbao.html,,https://davidmegginson.github.io/ourairports-data/airports.csv,Wikidata P3872 patronage,http://www.wikidata.org/entity/Q598197
Imam Khomeini International Airport,Imam Khomeini International Airport,IKA,OIIE,OIIE,IR,Iran,IR-23,Tehran,Tehran,35.416099548339844,51.152198791503906,large_airport,yes,7055159,2019,medium_airport,medium,45,medium,http://www.ikia.ir/,,https://davidmegginson.github.io/ourairports-data/airports.csv,Wikidata P3872 patronage,http://www.wikidata.org/entity/Q734729
EuroAirport Basel–Mulhouse–Freiburg,EuroAirport Basel–Mulhouse–Freiburg,BSL,LFSB,LFSB,FR,France,FR-GES,Bâle / Mulhouse,Bâle / Mulhouse,47.60068,7.521117,large_airport,yes,7050905,2022,medium_airport,medium,45,medium,http://www.euroairport.com/,,https://davidmegginson.github.io/ourairports-data/airports.csv,Wikidata P3872 patronage,https://www.euroairport.com/sites/default/files/2023-01/Stat_de_trafic_2022_12.pdf
Toulouse-Blagnac Airport,Toulouse-Blagnac Airport,TLS,LFBO,LFBO,FR,France,FR-OCC,Toulouse/Blagnac,Toulouse/Blagnac,43.629101,1.36382,large_airport,yes,7037150,2022,medium_airport,medium,45,medium,http://www.toulouse.aeroport.fr/,,https://davidmegginson.github.io/ourairports-data/airports.csv,Wikidata P3872 patronage,https://www.aeroport.fr/uploads/documents/CONGRES%202022/DOSSIER%20DE%20PRESSE_STATS_2022_v2.pdf
Kaohsiung International Airport,Kaohsiung International Airport,KHH,RCKH,RCKH,TW,Taiwan,TW-KHH,Kaohsiung (Xiaogang),Kaohsiung (Xiaogang),22.577101,120.349998,large_airport,yes,6971162,2025,medium_airport,medium,45,medium,http://www.kia.gov.tw/english/e_index.asp,,https://davidmegginson.github.io/ourairports-data/airports.csv,Wikidata P3872 patronage,https://www.caa.gov.tw/Article.aspx?a=1088&lang=1
Bahrain International Airport,Bahrain International Airport,BAH,OBBI,OBBI,BH,Bahrain,BH-15,Manama,Manama,26.267295,50.63764,large_airport,yes,6900000,2022,medium_airport,medium,45,medium,https://www.bahrainairport.bh/,,https://davidmegginson.github.io/ourairports-data/airports.csv,Wikidata P3872 patronage,https://www.bahrainairport.bh/corporate/news/bahrain-international-airport-s-passenger-traffic-spikes-to-6-9-million-in-2022
Fuerteventura Airport,Fuerteventura Airport,FUE,GCFV,GCFV,ES,Spain,ES-CN,El Matorral,El Matorral,28.4527,-13.8638,large_airport,yes,6886935,2025,medium_airport,medium,45,medium,https://www.aena.es/en/fuerteventura.html,,https://davidmegginson.github.io/ourairports-data/airports.csv,Wikidata P3872 patronage,http://www.wikidata.org/entity/Q1431349
Eindhoven Airport,Eindhoven Airport,EIN,EHEH,EHEH,NL,Netherlands,NL-NB,Eindhoven,Eindhoven,51.4500999451,5.37452983856,large_airport,yes,6859144,2024,medium_airport,medium,45,medium,http://www.eindhovenairport.nl/,,https://davidmegginson.github.io/ourairports-data/airports.csv,Wikidata P3872 patronage,https://opendata.cbs.nl/#/CBS/en/dataset/37478eng/table
Simferopol International Airport,Simferopol International Airport,SIP,UKFF,UKFF,UA,Ukraine,UA-43,Simferopol,Simferopol,45.0522,33.975101,large_airport,yes,6830000,2021,medium_airport,medium,45,medium,https://new.sipaero.ru/,,https://davidmegginson.github.io/ourairports-data/airports.csv,Wikidata P3872 patronage,https://tourism.interfax.ru/ru/news/articles/85267/
Puerto Vallarta International Airport,Puerto Vallarta International Airport,PVR,MMPR,MMPR,MX,Mexico,MX-JAL,Puerto Vallarta,Puerto Vallarta,20.679913,-105.254391,large_airport,yes,6726336,2023,medium_airport,medium,45,medium,https://thepuertovallartaairport.com/,,https://davidmegginson.github.io/ourairports-data/airports.csv,Wikidata P3872 patronage,https://www.gob.mx/afac/acciones-y-programas/estadisticas-280404
Nanning Wuxu International Airport,Nanning Wuxu International Airport,NNG,ZGNN,ZGNN,CN,China,CN-45,Nanning (Jiangnan),Nanning (Jiangnan),22.598071,108.181922,large_airport,yes,6659516,2022,medium_airport,medium,45,medium,http://www.nnairport.com/,,https://davidmegginson.github.io/ourairports-data/airports.csv,Wikidata P3872 patronage,http://www.caac.gov.cn/XXGK/XXGK/TJSJ/202303/P020230317397015127619.xlsx
Porto Alegre-Salgado Filho International Airport,Porto Alegre-Salgado Filho International Airport,POA,SBPA,SBPA,BR,Brazil,BR-RS,Porto Alegre,Porto Alegre,-29.993984,-51.167482,large_airport,yes,6654062,2022,medium_airport,medium,45,medium,https://portoalegre-airport.com.br/en/,,https://davidmegginson.github.io/ourairports-data/airports.csv,Wikidata P3872 patronage,https://www.fraport.com/content/dam/fraport-company/documents/investoren/finanz--und-verkehrszahlen/verkehrszahlen/konzern/2022/Monatliche%20Konzernverkehrszahlen.xlsx/_jcr_content/renditions/original.media_file.download_attachment.file/Monatliche%20Konzernverkehrszahlen.xlsx
"Bergen Airport, Flesland","Bergen Airport, Flesland",BGO,ENBR,ENBR,NO,Norway,NO-46,Bergen,Bergen,60.2934,5.21814,large_airport,yes,6552286,2024,medium_airport,medium,45,medium,http://www.avinor.no/en/airport/bergen,,https://davidmegginson.github.io/ourairports-data/airports.csv,Wikidata P3872 patronage,https://avinor.no/globalassets/_konsern/om-oss/statistikk/no/12.2024.xlsx
Glasgow Airport,Glasgow Airport,GLA,EGPF,EGPF,GB,United Kingdom,GB-SCT,Glasgow,Glasgow,55.871899,-4.43306,large_airport,yes,6516029,2022,medium_airport,medium,45,medium,http://www.glasgowairport.com/,,https://davidmegginson.github.io/ourairports-data/airports.csv,Wikidata P3872 patronage,https://www.caa.co.uk/Documents/Download/9077/31632962-d7b6-4df4-a5fd-6df78e65d88c/5578
Deputado Luiz Eduardo Magalhães International Airport,Deputado Luiz Eduardo Magalhães International Airport,SSA,SBSV,SBSV,BR,Brazil,BR-BA,Salvador,Salvador,-12.908611,-38.322498,large_airport,yes,6504908,2022,medium_airport,medium,45,medium,https://www4.infraero.gov.br/aeroportos/aeroporto-internacional-de-salvador-dep-luis-eduardo-magalhaes/web,,https://davidmegginson.github.io/ourairports-data/airports.csv,Wikidata P3872 patronage,https://www.gov.br/anac/pt-br/assuntos/dados-e-estatisticas/dados-estatisticos/arquivos/resumo_anual_2022.csv
Hang Nadim International Airport,Hang Nadim International Airport,BTH,WIDD,WIDD,ID,Indonesia,ID-KR,Batam,Batam,1.12103,104.119003,large_airport,yes,6500000,2018,medium_airport,medium,45,medium,,,https://davidmegginson.github.io/ourairports-data/airports.csv,Wikidata P3872 patronage,http://www.wikidata.org/entity/Q780450
Tunis Carthage International Airport,Tunis Carthage International Airport,TUN,DTTA,DTTA,TN,Tunisia,TN-11,Tunis,Tunis,36.851002,10.2272,large_airport,yes,6441886,2019,medium_airport,medium,45,medium,http://www.oaca.nat.tn/english/div_horizontal_tunis_airport_eng.htm,,https://davidmegginson.github.io/ourairports-data/airports.csv,Wikidata P3872 patronage,http://www.oaca.nat.tn/fileadmin/docs/DCRP.Doc/images/statistiques_2019/decembre2019/1decembre2019.jpg
Ontario International Airport,Ontario International Airport,ONT,KONT,KONT,US,United States,US-CA,Ontario,Ontario,34.056,-117.600998,large_airport,yes,6430033,2023,medium_airport,medium,45,medium,https://www.flyontario.com/,,https://davidmegginson.github.io/ourairports-data/airports.csv,Wikidata P3872 patronage,http://www.wikidata.org/entity/Q949831
Dalian Zhoushuizi International Airport,Dalian Zhoushuizi International Airport,DLC,ZYTL,ZYTL,CN,China,CN-21,Dalian (Ganjingzi),Dalian (Ganjingzi),38.965719,121.538477,large_airport,yes,6368458,2022,medium_airport,medium,45,medium,https://dlairport.com,,https://davidmegginson.github.io/ourairports-data/airports.csv,Wikidata P3872 patronage,http://www.caac.gov.cn/XXGK/XXGK/TJSJ/202303/P020230317397015127619.xlsx
Bradley International Airport,Bradley International Airport,BDL,KBDL,KBDL,US,United States,US-CT,Hartford,Hartford,41.938555,-72.688016,large_airport,yes,6248165,2023,medium_airport,medium,45,medium,http://www.bradleyairport.com/,,https://davidmegginson.github.io/ourairports-data/airports.csv,Wikidata P3872 patronage,http://www.wikidata.org/entity/Q1420233
Larnaca International Airport,Larnaca International Airport,LCA,LCLK,LCLK,CY,Cyprus,CY-04,Larnaca,Larnaca,34.875099,33.624901,large_airport,yes,6037053,2022,medium_airport,medium,45,medium,http://www.cyprusairports.com.cy/showpage.php?PageID=2,,https://davidmegginson.github.io/ourairports-data/airports.csv,Wikidata P3872 patronage,https://www.hermesairports.com/corporate/doing-business-with-us/statistics/passenger-traffic
Hollywood Burbank/Bob Hope Airport,Hollywood Burbank/Bob Hope Airport,BUR,KBUR,KBUR,US,United States,US-CA,Burbank,Burbank,34.202834,-118.35805,large_airport,yes,6034729,2023,medium_airport,medium,45,medium,https://www.hollywoodburbankairport.com/,,https://davidmegginson.github.io/ourairports-data/airports.csv,Wikidata P3872 patronage,http://www.wikidata.org/entity/Q598817
King Fahd International Airport,King Fahd International Airport,DMM,OEDF,OEDF,SA,Saudi Arabia,SA-04,Ad Dammam,Ad Dammam,26.4691,49.798209,large_airport,yes,5971668,2021,medium_airport,medium,45,medium,https://kfia.gov.sa/,,https://davidmegginson.github.io/ourairports-data/airports.csv,Wikidata P3872 patronage,https://gaca.gov.sa/ar/
Pisa International Airport,Pisa International Airport,PSA,LIRP,LIRP,IT,Italy,IT-52,Pisa (PI),Pisa (PI),43.683899,10.3927,large_airport,yes,5944769,2025,medium_airport,medium,45,medium,http://www.pisa-airport.com/,,https://davidmegginson.github.io/ourairports-data/airports.csv,Wikidata P3872 patronage,https://www.enac.gov.it/app/uploads/2026/01/Executive-Summary-v.ita_.pdf
Lanzhou Zhongchuan International Airport,Lanzhou Zhongchuan International Airport,LHW,ZLLL,ZLLL,CN,China,CN-62,Lanzhou (Yongdeng),Lanzhou (Yongdeng),36.515202,103.620003,large_airport,yes,5942431,2022,medium_airport,medium,45,medium,http://lzzcairport.com/Home/Index,,https://davidmegginson.github.io/ourairports-data/airports.csv,Wikidata P3872 patronage,http://www.caac.gov.cn/XXGK/XXGK/TJSJ/202303/P020230317397015127619.xlsx
Thessaloniki Macedonia International Airport,Thessaloniki Macedonia International Airport,SKG,LGTS,LGTS,GR,Greece,GR-B,Thessaloniki,Thessaloniki,40.51928,22.970009,large_airport,yes,5923175,2022,medium_airport,medium,45,medium,https://www.skg-airport.gr/en,,https://davidmegginson.github.io/ourairports-data/airports.csv,Wikidata P3872 patronage,https://www.fraport.com/content/dam/fraport-company/documents/investoren/finanz--und-verkehrszahlen/verkehrszahlen/konzern/2022/Monatliche%20Konzernverkehrszahlen.xlsx/_jcr_content/renditions/original.media_file.download_attachment.file/Monatliche%20Konzernverkehrszahlen.xlsx
General Mitchell International Airport,General Mitchell International Airport,MKE,KMKE,KMKE,US,United States,US-WI,Milwaukee,Milwaukee,42.947201,-87.896599,large_airport,yes,5874372,2025,medium_airport,medium,45,medium,https://www.mitchellairport.com/,,https://davidmegginson.github.io/ourairports-data/airports.csv,Wikidata P3872 patronage,https://www.mitchellairport.com/application/files/1117/6970/7896/Historic_Enplaned_Deplaned.pdf
"Rhodes International Airport ""Diagoras""","Rhodes International Airport ""Diagoras""",RHO,LGRP,LGRP,GR,Greece,GR-L,Rhodes,Rhodes,36.405399,28.086201,large_airport,yes,5857036,2022,medium_airport,medium,45,medium,https://www.rho-airport.gr/el/,,https://davidmegginson.github.io/ourairports-data/airports.csv,Wikidata P3872 patronage,https://www.fraport.com/content/dam/fraport-company/documents/investoren/finanz--und-verkehrszahlen/verkehrszahlen/konzern/2022/Monatliche%20Konzernverkehrszahlen.xlsx/_jcr_content/renditions/original.media_file.download_attachment.file/Monatliche%20Konzernverkehrszahlen.xlsx
Malta International Airport,Malta International Airport,MLA,LMML,LMML,MT,Malta,MT-25,Valletta,Valletta,35.845932,14.491546,large_airport,yes,5851079,2022,medium_airport,medium,45,medium,https://www.maltairport.com/,,https://davidmegginson.github.io/ourairports-data/airports.csv,Wikidata P3872 patronage,https://www.viennaairport.com/unternehmen/presse__news/presseaussendungen__news_2?news_beitrag_id=1674051696325
Tianjin Binhai International Airport,Tianjin Binhai International Airport,TSN,ZBTJ,ZBTJ,CN,China,CN-12,Tianjin,Tianjin,39.124401092499994,117.346000671,large_airport,yes,5841680,2022,medium_airport,medium,45,medium,http://www.tbia.cn/cn/index.do,,https://davidmegginson.github.io/ourairports-data/airports.csv,Wikidata P3872 patronage,http://www.caac.gov.cn/XXGK/XXGK/TJSJ/202303/P020230317397015127619.xlsx
Nantes Atlantique Airport,Nantes Atlantique Airport,NTE,LFRS,LFRS,FR,France,FR-PDL,Nantes,Nantes,47.153198,-1.61073,medium_airport,yes,5800372,2022,medium_airport,medium,40,medium,https://www.nantes.aeroport.fr/en,,https://davidmegginson.github.io/ourairports-data/airports.csv,Wikidata P3872 patronage,https://www.aeroport.fr/uploads/documents/CONGRES%202022/DOSSIER%20DE%20PRESSE_STATS_2022_v2.pdf
Pinto Martins International Airport,Pinto Martins International Airport,FOR,SBFZ,SBFZ,BR,Brazil,BR-CE,Fortaleza,Fortaleza,-3.775833,-38.532222,large_airport,yes,5778038,2022,medium_airport,medium,45,medium,https://fortaleza-airport.com.br/en,,https://davidmegginson.github.io/ourairports-data/airports.csv,Wikidata P3872 patronage,https://www.fraport.com/content/dam/fraport-company/documents/investoren/finanz--und-verkehrszahlen/verkehrszahlen/konzern/2022/Monatliche%20Konzernverkehrszahlen.xlsx/_jcr_content/renditions/original.media_file.download_attachment.file/Monatliche%20Konzernverkehrszahlen.xlsx
José Martí International Airport,José Martí International Airport,HAV,MUHA,MUHA,CU,Cuba,CU-03,Havana,Havana,22.989200592041016,-82.40910339355469,large_airport,yes,5713859,2017,medium_airport,medium,45,medium,http://havana.airportcuba.net/,,https://davidmegginson.github.io/ourairports-data/airports.csv,Wikidata P3872 patronage,https://www.routesonline.com/news/29/breaking-news/277469/top-20-fastest-growing-major-airports-in-the-world/?highlight=havana
Gold Coast Airport,Gold Coast Airport,OOL,YBCG,YBCG,AU,Australia,AU-QLD,Gold Coast,Gold Coast,-28.165962,153.506641,large_airport,yes,5708687,2022,medium_airport,medium,45,medium,http://www.goldcoastairport.com.au,,https://davidmegginson.github.io/ourairports-data/airports.csv,Wikidata P3872 patronage,https://www.bitre.gov.au/sites/default/files/documents/webairport_cy_1985-2022.xlsx
Bordeaux–Mérignac Airport,Bordeaux–Mérignac Airport,BOD,LFBD,LFBD,FR,France,FR-NAQ,Bordeaux,Bordeaux,44.82865,-0.715356,large_airport,yes,5704455,2022,medium_airport,medium,45,medium,https://www.bordeaux.aeroport.fr/,,https://davidmegginson.github.io/ourairports-data/airports.csv,Wikidata P3872 patronage,https://www.aeroport.fr/uploads/documents/CONGRES%202022/DOSSIER%20DE%20PRESSE_STATS_2022_v2.pdf
Murtala Muhammed International Airport,Murtala Muhammed International Airport,LOS,DNMM,DNMM,NG,Nigeria,NG-LA,Lagos,Lagos,6.57737,3.32116,large_airport,yes,5689234,2021,medium_airport,medium,45,medium,http://www.faannigeria.org/nigeria-airport.php?airport=1,,https://davidmegginson.github.io/ourairports-data/airports.csv,Wikidata P3872 patronage,https://nigerianstat.gov.ng/elibrary/read/1241160
Jenderal Ahmad Yani Airport,Jenderal Ahmad Yani Airport,SRG,WAHS,WARS,ID,Indonesia,ID-JT,Semarang,Semarang,-6.970732,110.373244,large_airport,yes,5669282,2018,medium_airport,medium,45,medium,https://www.ahmadyani-airport.com/id,,https://davidmegginson.github.io/ourairports-data/airports.csv,Wikidata P3872 patronage,https://www.routesonline.com/news/29/breaking-news/283239/asia-dominates-list-of-fastest-growing-airports/
Kagoshima Airport,Kagoshima Airport,KOJ,RJFK,RJFK,JP,Japan,JP-46,Kagoshima,Kagoshima,31.8034,130.718994,large_airport,yes,5638677,2024,medium_airport,medium,45,medium,https://www.koj-ab.co.jp/en/,,https://davidmegginson.github.io/ourairports-data/airports.csv,Wikidata P3872 patronage,https://www.mlit.go.jp/koku/15_bf_000185.html
Dalaman International Airport,Dalaman International Airport,DLM,LTBS,LTBS,TR,Turkey,TR-48,Dalaman,Dalaman,36.7131,28.7925,large_airport,yes,5637067,2024,medium_airport,medium,45,medium,https://www.dalamanairport.aero/,,https://davidmegginson.github.io/ourairports-data/airports.csv,Wikidata P3872 patronage,https://web.archive.org/web/20250929005908/https://www.dhmi.gov.tr/Lists/Istatislikler_EN/Attachments/236/All.xlsx
Tenerife Norte-Ciudad de La Laguna Airport,Tenerife Norte-Ciudad de La Laguna Airport,TFN,GCXO,GCXO,ES,Spain,ES-CN,Tenerife,Tenerife,28.482752,-16.341707,large_airport,yes,5566243,2022,medium_airport,medium,45,medium,https://www.aena.es/en/tenerife-norte-ciudad-de-la-laguna.html,,https://davidmegginson.github.io/ourairports-data/airports.csv,Wikidata P3872 patronage,https://www.aena.es/sites/Satellite?blobcol=urldata&blobkey=id&blobtable=MungoBlobs&blobwhere=1576861734447&ssbinary=true
Mactan Cebu International Airport,Mactan Cebu International Airport,CEB,RPVM,RPVM,PH,Philippines,PH-CEB,Cebu City/Lapu-Lapu City,Cebu City/Lapu-Lapu City,10.309261,123.97974,large_airport,yes,5560258,2022,medium_airport,medium,45,medium,http://www.mactan-cebuairport.com.ph/,,https://davidmegginson.github.io/ourairports-data/airports.csv,Wikidata P3872 patronage,https://caap.gov.ph/wp-content/uploads/2023/02/AirPassCarAnnual2022-as-of-Feb-2023.pdf
Taiyuan Wusu International Airport,Taiyuan Wusu International Airport,TYN,ZBYN,ZBYN,CN,China,CN-14,Taiyuan,Taiyuan,37.746899,112.627998,large_airport,yes,5526997,2022,medium_airport,medium,45,medium,http://lt.sxairport.org.cn/,,https://davidmegginson.github.io/ourairports-data/airports.csv,Wikidata P3872 patronage,http://www.caac.gov.cn/XXGK/XXGK/TJSJ/202303/P020230317397015127619.xlsx
Çukurova International Airport,Çukurova International Airport,COV,LTDB,LTDB,TR,Turkey,TR-33,Tarsus,Tarsus,36.891478,35.071235,large_airport,yes,5434070,2025,medium_airport,medium,45,medium,https://cukurovaairport.aero/,,https://davidmegginson.github.io/ourairports-data/airports.csv,Wikidata P3872 patronage,https://dhmi.gov.tr/Lists/Istatislikler_EN/Attachments/262/PASSENGER.pdf
Riga International Airport,Riga International Airport,RIX,EVRA,EVRA,LV,Latvia,LV-062,Riga,Riga,56.920752,23.970711,large_airport,yes,5380779,2022,medium_airport,medium,45,medium,http://www.riga-airport.com/,,https://davidmegginson.github.io/ourairports-data/airports.csv,Wikidata P3872 patronage,https://www.riga-airport.com/en/media/1318/download
Kazan International Airport,Kazan International Airport,KZN,UWKD,UWKD,RU,Russia,RU-TA,Kazan,Kazan,55.606201,49.278702,large_airport,yes,5380000,2025,medium_airport,medium,45,medium,http://www.kazan.aero/en/,,https://davidmegginson.github.io/ourairports-data/airports.csv,Wikidata P3872 patronage,https://expert.ru/promishlennost/vozdushnyy-shelkovyy-put/
Hannover Airport,Hannover Airport,HAJ,EDDV,EDDV,DE,Germany,DE-NI,Hannover,Hannover,52.461102,9.68508,large_airport,yes,5330534,2025,medium_airport,medium,45,medium,https://www.hannover-airport.de,,https://davidmegginson.github.io/ourairports-data/airports.csv,Wikidata P3872 patronage,https://www.adv.aero/wp-content/uploads/2015/11/12.2025-ADV-Monatsstatistik.pdf
Charleston International Airport,Charleston International Airport,CHS,KCHS,KCHS,US,United States,US-SC,Charleston,Charleston,32.896159,-80.038151,large_airport,yes,5322147,2022,medium_airport,medium,45,medium,https://www.iflychs.com/,,https://davidmegginson.github.io/ourairports-data/airports.csv,Wikidata P3872 patronage,http://www.wikidata.org/entity/Q1163183
Albuquerque International Sunport,Albuquerque International Sunport,ABQ,KABQ,KABQ,US,United States,US-NM,Albuquerque,Albuquerque,35.039976,-106.608925,large_airport,yes,5310976,2023,medium_airport,medium,45,medium,http://www.abqsunport.com/,,https://davidmegginson.github.io/ourairports-data/airports.csv,Wikidata P3872 patronage,http://www.wikidata.org/entity/Q1578972
Katowice Wojciech Korfanty International Airport,Katowice Wojciech Korfanty International Airport,KTW,EPKT,EPKT,PL,Poland,PL-SL,Katowice,Katowice,50.476015,19.080705,large_airport,yes,5297247,2023,medium_airport,medium,45,medium,http://katowice.airport.com,,https://davidmegginson.github.io/ourairports-data/airports.csv,Wikidata P3872 patronage,https://www.katowice-airport.com/en/our-airport/statistics/annual-statistics
Las Américas International Airport,Las Américas International Airport,SDQ,MDSD,MDSD,DO,Dominican Republic,DO-01,Santo Domingo,Santo Domingo,18.42970085144,-69.668899536133,large_airport,yes,5287206,2023,medium_airport,medium,45,medium,http://www.aerodom.com/app/do/lasamericas.aspx,,https://davidmegginson.github.io/ourairports-data/airports.csv,Wikidata P3872 patronage,http://www.wikidata.org/entity/Q1062676
Sangster International Airport,Sangster International Airport,MBJ,MKJS,MKJS,JM,Jamaica,JM-08,Montego Bay,Montego Bay,18.50342,-77.91323,large_airport,yes,5267823,2023,medium_airport,medium,45,medium,https://www.mbjairport.com/,,https://davidmegginson.github.io/ourairports-data/airports.csv,Wikidata P3872 patronage,http://www.wikidata.org/entity/Q174140
Cagliari Elmas Airport,Cagliari Elmas Airport,CAG,LIEE,LIEE,IT,Italy,IT-88,Cagliari,Cagliari,39.251499,9.05428,large_airport,yes,5254433,2025,medium_airport,medium,45,medium,http://www.cagliariairport.it/en/,,https://davidmegginson.github.io/ourairports-data/airports.csv,Wikidata P3872 patronage,https://assaeroporti.com/statistiche/?selectedYear=2025&month=12
Boise Air Terminal/Gowen Field,Boise Air Terminal/Gowen Field,BOI,KBOI,KBOI,US,United States,US-ID,Boise,Boise,43.5644,-116.223,large_airport,yes,5229399,2025,medium_airport,medium,45,medium,http://www.cityofboise.org/departments/airport/,,https://davidmegginson.github.io/ourairports-data/airports.csv,Wikidata P3872 patronage,https://www.iflyboise.com/media/2392/2025_passenger_stats.pdf
Luxembourg-Findel International Airport,Luxembourg-Findel International Airport,LUX,ELLX,ELLX,LU,Luxembourg,LU-L,Luxembourg,Luxembourg,49.626845,6.212134,large_airport,yes,5209656,2024,medium_airport,medium,45,medium,https://www.lux-airport.lu/en/,,https://davidmegginson.github.io/ourairports-data/airports.csv,Wikidata P3872 patronage,https://data.public.lu/fr/datasets/r/3ec5dd7b-39c5-480f-ad59-0d6846198f6d
Sultan Mahmud Badaruddin II Airport,Sultan Mahmud Badaruddin II Airport,PLM,WIPP,WIPP,ID,Indonesia,ID-SS,Palembang,Palembang,-2.897653,104.698147,medium_airport,yes,5126298,2018,medium_airport,medium,40,medium,http://www.smbadaruddin2-airport.co.id,,https://davidmegginson.github.io/ourairports-data/airports.csv,Wikidata P3872 patronage,http://www.wikidata.org/entity/Q1432286
Ted Stevens Anchorage International Airport,Ted Stevens Anchorage International Airport,ANC,PANC,PANC,US,United States,US-AK,Anchorage,Anchorage,61.179004,-149.992561,large_airport,yes,5078000,2023,medium_airport,medium,45,medium,https://dot.alaska.gov/anc/,,https://davidmegginson.github.io/ourairports-data/airports.csv,Wikidata P3872 patronage,http://www.wikidata.org/entity/Q767753
Nnamdi Azikiwe International Airport,Nnamdi Azikiwe International Airport,ABV,DNAA,DNAA,NG,Nigeria,NG-FC,Abuja,Abuja,9.00679,7.26317,large_airport,yes,5029843,2022,medium_airport,medium,45,medium,http://www.faannigeria.org/nigeria-airport.php?airport=3,,https://davidmegginson.github.io/ourairports-data/airports.csv,Wikidata P3872 patronage,https://punchng.com/abuja-airport-handles-25-96million-passengers-in-seven-years/
Eppley Airfield,Eppley Airfield,OMA,KOMA,KOMA,US,United States,US-NE,Omaha,Omaha,41.3032,-95.894096,large_airport,yes,5026639,2023,medium_airport,medium,45,medium,https://www.flyoma.com,,https://davidmegginson.github.io/ourairports-data/airports.csv,Wikidata P3872 patronage,http://www.wikidata.org/entity/Q1347672
Turin Airport,Turin Airport,TRN,LIMF,LIMF,IT,Italy,IT-21,Caselle Torinese (TO),Caselle Torinese (TO),45.200802,7.64963,large_airport,yes,5006169,2025,medium_airport,medium,45,medium,http://www.aeroportoditorino.it/,,https://davidmegginson.github.io/ourairports-data/airports.csv,Wikidata P3872 patronage,https://assaeroporti.com/statistiche/?selectedYear=2025&month=12
Khrabrovo Airport,Khrabrovo Airport,KGD,UMKK,UMKK,RU,Russia,RU-KGD,Kaliningrad,Kaliningrad,54.89161,20.598559,large_airport,yes,5000000,2025,medium_airport,medium,45,medium,https://kgdavia.ru/,,https://davidmegginson.github.io/ourairports-data/airports.csv,Wikidata P3872 patronage,https://expert.ru/promishlennost/vozdushnyy-shelkovyy-put/