airport_name,display_name,iata_code,icao_code,ourairports_ident,country_code,country_name,region_code,city,municipality,latitude,longitude,airport_type,scheduled_service,source_identity
Al Ghaydah International Airport,Al Ghaydah International Airport,AAY,OYGD,OYGD,YE,Yemen,YE-MR,Al Ghaydah,Al Ghaydah,16.193341,52.174186,medium_airport,yes,https://davidmegginson.github.io/ourairports-data/airports.csv
Asaba International Airport,Asaba International Airport,ABB,DNAS,DNAS,NG,Nigeria,NG-DE,Asaba,Asaba,6.204167,6.665278,large_airport,yes,https://davidmegginson.github.io/ourairports-data/airports.csv
Kebri Dahar Airport,Kebri Dahar Airport,ABK,HAKD,HAKD,ET,Ethiopia,ET-SO,Kebri Dahar,Kebri Dahar,6.732577,44.241339,medium_airport,yes,https://davidmegginson.github.io/ourairports-data/airports.csv
Aden International Airport,Aden International Airport,ADE,OYAA,OYAA,YE,Yemen,YE-AD,Aden,Aden,12.829564,45.029976,large_airport,yes,https://davidmegginson.github.io/ourairports-data/airports.csv
Marka International (Amman Civil) Airport,Marka International (Amman Civil) Airport,ADJ,OJAM,OJAM,JO,Jordan,JO-AM,Amman,Amman,31.9727,35.9916,large_airport,yes,https://davidmegginson.github.io/ourairports-data/airports.csv
Abeche Airport,Abeche Airport,AEH,FTTC,FTTC,TD,Chad,TD-OD,Abeche,Abeche,13.847,20.844299,medium_airport,yes,https://davidmegginson.github.io/ourairports-data/airports.csv
Abu Musa Island Airport,Abu Musa Island Airport,AEU,OIBA,OIBA,IR,Iran,IR-22,Abu Musa,Abu Musa,25.8757,55.033001,medium_airport,yes,https://davidmegginson.github.io/ourairports-data/airports.csv
Sabzevar National Airport,Sabzevar National Airport,AFZ,OIMS,OIMS,IR,Iran,IR-09,Sabzevar,Sabzevar,36.16809844970703,57.59519958496094,medium_airport,yes,https://davidmegginson.github.io/ourairports-data/airports.csv
Maa Mahamaya Airport,Maa Mahamaya Airport,AHA,VEAP,IN-0393,IN,India,IN-CT,Ambikapur,Ambikapur,22.98753,83.19612,medium_airport,yes,https://davidmegginson.github.io/ourairports-data/airports.csv
Ouani Airport,Ouani Airport,AJN,FMCV,FMCV,KM,Comoros,KM-A,Ouani,Ouani,-12.131047,44.430044,medium_airport,yes,https://davidmegginson.github.io/ourairports-data/airports.csv
Kufra Airport,Kufra Airport,AKF,HLKF,HLKF,LY,Libya,LY-KF,Kufra,Kufra,24.178699493408203,23.31399917602539,medium_airport,yes,https://davidmegginson.github.io/ourairports-data/airports.csv
Sittwe Airport,Sittwe Airport,AKY,VYSW,VYSW,MM,Myanmar,MM-16,Sittwe,Sittwe,20.133165,92.870693,medium_airport,yes,https://davidmegginson.github.io/ourairports-data/airports.csv
Arba Minch Airport,Arba Minch Airport,AMH,HAAM,HAAM,ET,Ethiopia,ET-SN,Arba Minch,Arba Minch,6.03939,37.5905,medium_airport,yes,https://davidmegginson.github.io/ourairports-data/airports.csv
Faleolo International Airport,Faleolo International Airport,APW,NSFA,NSFA,WS,Samoa,WS-AA,Apia,Apia,-13.83,-172.007996,large_airport,yes,https://davidmegginson.github.io/ourairports-data/airports.csv
King Hussein International Airport,King Hussein International Airport,AQJ,OJAQ,OJAQ,JO,Jordan,JO-AQ,Aqaba,Aqaba,29.611601,35.018101,large_airport,yes,https://davidmegginson.github.io/ourairports-data/airports.csv
Andros Town Airport,Andros Town Airport,ASD,MYAF,MYAF,BS,Bahamas,BS-NS,Andros Town,Andros Town,24.697901,-77.795601,medium_airport,yes,https://davidmegginson.github.io/ourairports-data/airports.csv
RAF Ascension Island,RAF Ascension Island,ASI,FHAW,FHAW,SH,"Saint Helena, Ascension and Tristan da Cunha",SH-AC,Cat Hill,Cat Hill,-7.970179,-14.392744,medium_airport,yes,https://davidmegginson.github.io/ourairports-data/airports.csv
Asosa Airport,Asosa Airport,ASO,HASO,HASO,ET,Ethiopia,ET-BE,Asosa,Asosa,10.018500328063965,34.586299896240234,medium_airport,yes,https://davidmegginson.github.io/ourairports-data/airports.csv
Amboseli Airport,Amboseli Airport,ASV,HKAM,HKAM,KE,Kenya,KE-34,Ol Tukai,Ol Tukai,-2.644786,37.252922,medium_airport,yes,https://davidmegginson.github.io/ourairports-data/airports.csv
Arthur's Town Airport,Arthur's Town Airport,ATC,MYCA,MYCA,BS,Bahamas,BS-CI,Arthur's Town,Arthur's Town,24.6294,-75.673797,medium_airport,yes,https://davidmegginson.github.io/ourairports-data/airports.csv
Arvaikheer Airport,Arvaikheer Airport,AVK,ZMAH,ZMAH,MN,Mongolia,MN-055,Arvaikheer,Arvaikheer,46.250301361083984,102.802001953125,medium_airport,yes,https://davidmegginson.github.io/ourairports-data/airports.csv
Melbourne Avalon International Airport,Melbourne Avalon International Airport,AVV,YMAV,YMAV,AU,Australia,AU-VIC,Geelong/Melbourne,Geelong/Melbourne,-38.040269,144.467196,large_airport,yes,https://davidmegginson.github.io/ourairports-data/airports.csv
Hawassa International Airport,Hawassa International Airport,AWA,HALA,HALA,ET,Ethiopia,ET-XSD,Hawassa,Hawassa,7.100611,38.396455,large_airport,yes,https://davidmegginson.github.io/ourairports-data/airports.csv
Clayton J. Lloyd International Airport,Clayton J. Lloyd International Airport,AXA,TQPF,TQPF,AI,Anguilla,AI-U-A,The Valley,The Valley,18.204773,-63.05383,medium_airport,yes,https://davidmegginson.github.io/ourairports-data/airports.csv
Spring Point Airport,Spring Point Airport,AXP,MYAP,MYAP,BS,Bahamas,BS-AK,Spring Point,Spring Point,22.441799,-73.970901,medium_airport,yes,https://davidmegginson.github.io/ourairports-data/airports.csv
Axum Airport,Axum Airport,AXU,HAAX,HAAX,ET,Ethiopia,ET-TI,Axum,Axum,14.1468,38.7728,medium_airport,yes,https://davidmegginson.github.io/ourairports-data/airports.csv
Touat-Cheikh Sidi Mohamed Belkebir Airport,Touat-Cheikh Sidi Mohamed Belkebir Airport,AZR,DAUA,DAUA,DZ,Algeria,DZ-01,Adrar,Adrar,27.837601,-0.186414,medium_airport,yes,https://davidmegginson.github.io/ourairports-data/airports.csv
Battambang Airport,Battambang Airport,BBM,VDBG,VDBG,KH,Cambodia,KH-2,Battambang,Battambang,13.0956,103.223999,medium_airport,yes,https://davidmegginson.github.io/ourairports-data/airports.csv
Bario Airport,Bario Airport,BBN,WBGZ,WBGZ,MY,Malaysia,MY-13,Bario,Bario,3.734648,115.478548,medium_airport,yes,https://davidmegginson.github.io/ourairports-data/airports.csv
Berbera Airport,Berbera Airport,BBO,HCMI,HCMI,SO,Somalia,SO-WO,Berbera,Berbera,10.385035,44.936723,medium_airport,yes,https://davidmegginson.github.io/ourairports-data/airports.csv
Burton-Nibbs International Airport,Burton-Nibbs International Airport,BBQ,TAPB,AG-0001,AG,Antigua and Barbuda,AG-10,Codrington,Codrington,17.621194,-61.798347,medium_airport,yes,https://davidmegginson.github.io/ourairports-data/airports.csv
Gustavo Rizo Airport,Gustavo Rizo Airport,BCA,MUBA,MUBA,CU,Cuba,CU-14,Baracoa,Baracoa,20.365299224853516,-74.5062026977539,medium_airport,yes,https://davidmegginson.github.io/ourairports-data/airports.csv
Baucau Airport,Baucau Airport,BCH,WPEC,WPEC,TL,Timor-Leste,TL-BA,Baucau,Baucau,-8.486479,126.399981,medium_airport,yes,https://davidmegginson.github.io/ourairports-data/airports.csv
Barcaldine Airport,Barcaldine Airport,BCI,YBAR,YBAR,AU,Australia,AU-QLD,Barcaldine,Barcaldine,-23.566268,145.302086,medium_airport,yes,https://davidmegginson.github.io/ourairports-data/airports.csv
Jinka Airport,Jinka Airport,BCO,HABC,HAJK,ET,Ethiopia,ET-SN,Jinka,Jinka,5.749655,36.560165,medium_airport,yes,https://davidmegginson.github.io/ourairports-data/airports.csv
Sir Abubakar Tafawa Balewa Bauchi State International Airport,Sir Abubakar Tafawa Balewa Bauchi State International Airport,BCU,DNBC,DNBC,NG,Nigeria,NG-BA,Bauchi,Bauchi,10.482833,9.744,large_airport,yes,https://davidmegginson.github.io/ourairports-data/airports.csv
Bandar Lengeh International Airport,Bandar Lengeh International Airport,BDH,OIBL,OIBL,IR,Iran,IR-22,Bandar Lengeh,Bandar Lengeh,26.532283,54.82484,medium_airport,yes,https://davidmegginson.github.io/ourairports-data/airports.csv
Gbadolite Airport,Gbadolite Airport,BDT,FZFD,FZFD,CD,Democratic Republic of the Congo,CD-NU,Gbadolite,Gbadolite,4.252745,20.975271,medium_airport,yes,https://davidmegginson.github.io/ourairports-data/airports.csv
Benina International Airport,Benina International Airport,BEN,HLLB,HLLB,LY,Libya,LY-BA,Benina,Benina,32.096802,20.269501,large_airport,yes,https://davidmegginson.github.io/ourairports-data/airports.csv
Bedourie Airport,Bedourie Airport,BEU,YBIE,YBIE,AU,Australia,AU-QLD,Bedourie,Bedourie,-24.3461,139.460007,medium_airport,yes,https://davidmegginson.github.io/ourairports-data/airports.csv
Bengbu Tenghu Airport,Bengbu Tenghu Airport,BFY,ZSBA,CN-0476,CN,China,CN-34,Bengbu,Bengbu,33.166292,117.058344,medium_airport,yes,https://davidmegginson.github.io/ourairports-data/airports.csv
Bahawalpur Airport,Bahawalpur Airport,BHV,OPBW,OPBW,PK,Pakistan,PK-PB,Bahawalpur,Bahawalpur,29.348100662231445,71.71800231933594,medium_airport,yes,https://davidmegginson.github.io/ourairports-data/airports.csv
South Bimini Airport,South Bimini Airport,BIM,MYBS,MYBS,BS,Bahamas,BS-BI,South Bimini,South Bimini,25.6998996735,-79.2647018433,medium_airport,yes,https://davidmegginson.github.io/ourairports-data/airports.csv
Bojnord Airport,Bojnord Airport,BJB,OIMN,OIMN,IR,Iran,IR-28,Bojnord,Bojnord,37.49300003051758,57.30820083618164,medium_airport,yes,https://davidmegginson.github.io/ourairports-data/airports.csv
Banjul International Airport,Banjul International Airport,BJL,GBYD,GBYD,GM,Gambia,GM-W,Banjul (Yundum),Banjul (Yundum),13.338,-16.652201,large_airport,yes,https://davidmegginson.github.io/ourairports-data/airports.csv
Bahir Dar Airport,Bahir Dar Airport,BJR,HABD,HABD,ET,Ethiopia,ET-AM,Bahir Dar,Bahir Dar,11.6081,37.321602,medium_airport,yes,https://davidmegginson.github.io/ourairports-data/airports.csv
Balkanabat International Airport,Balkanabat International Airport,BKN,UTAN,TM-0002,TM,Turkmenistan,TM-B,Balkanabat,Balkanabat,39.681052,54.206008,medium_airport,yes,https://davidmegginson.github.io/ourairports-data/airports.csv
Blackall Airport,Blackall Airport,BKQ,YBCK,YBCK,AU,Australia,AU-QLD,Blackall,Blackall,-24.431678,145.429716,medium_airport,yes,https://davidmegginson.github.io/ourairports-data/airports.csv
General José Antonio Anzoategui International Airport,General José Antonio Anzoategui International Airport,BLA,SVBC,SVBC,VE,Venezuela,VE-B,Barcelona,Barcelona,10.111111,-64.692222,large_airport,yes,https://davidmegginson.github.io/ourairports-data/airports.csv
Chileka International Airport,Chileka International Airport,BLZ,FWCL,FWCL,MW,Malawi,MW-BL,Blantyre,Blantyre,-15.677189,34.972319,large_airport,yes,https://davidmegginson.github.io/ourairports-data/airports.csv
Bordj Badji Mokhtar Airport,Bordj Badji Mokhtar Airport,BMW,DATM,DATM,DZ,Algeria,DZ-52,Bordj Badji Mokhtar,Bordj Badji Mokhtar,21.3778,0.92698,medium_airport,yes,https://davidmegginson.github.io/ourairports-data/airports.csv
Barinas Airport,Barinas Airport,BNS,SVBI,SVBI,VE,Venezuela,VE-E,Barinas,Barinas,8.615,-70.214167,medium_airport,yes,https://davidmegginson.github.io/ourairports-data/airports.csv
Bokeo International Airport,Bokeo International Airport,BOR,VLBK,LA-0006,LA,Laos,LA-BK,Ton Phueng,Ton Phueng,20.323986,100.165392,medium_airport,yes,https://davidmegginson.github.io/ourairports-data/airports.csv
Besalampy Airport,Besalampy Airport,BPY,FMNQ,FMNQ,MG,Madagascar,MG-M,Besalampy,Besalampy,-16.74453,44.482484,medium_airport,yes,https://davidmegginson.github.io/ourairports-data/airports.csv
Boulia Airport,Boulia Airport,BQL,YBOU,YBOU,AU,Australia,AU-QLD,,,-22.913299560546875,139.89999389648438,medium_airport,yes,https://davidmegginson.github.io/ourairports-data/airports.csv
J F Mitchell Airport,J F Mitchell Airport,BQU,TVSB,TVSB,VC,Saint Vincent and the Grenadines,VC-06,Bequia,Bequia,12.9884,-61.262001,medium_airport,yes,https://davidmegginson.github.io/ourairports-data/airports.csv
Bourke Airport,Bourke Airport,BRK,YBKE,YBKE,AU,Australia,AU-NSW,,,-30.039199829101562,145.95199584960938,medium_airport,yes,https://davidmegginson.github.io/ourairports-data/airports.csv
Jacinto Lara International Airport,Jacinto Lara International Airport,BRM,SVBM,SVBM,VE,Venezuela,VE-K,Barquisimeto,Barquisimeto,10.042747,-69.35862,large_airport,yes,https://davidmegginson.github.io/ourairports-data/airports.csv
Bender Qassim International Airport,Bender Qassim International Airport,BSA,HCMF,HCMF,SO,Somalia,SO-BR,Bosaso,Bosaso,11.275235,49.139231,large_airport,yes,https://davidmegginson.github.io/ourairports-data/airports.csv
Batticaloa International Airport,Batticaloa International Airport,BTC,VCCB,VCCB,LK,Sri Lanka,LK-5,Batticaloa,Batticaloa,7.705073,81.677163,medium_airport,yes,https://davidmegginson.github.io/ourairports-data/airports.csv
Buka Airport,Buka Airport,BUA,AYBK,AYBK,PG,Papua New Guinea,PG-NSB,Buka Island,Buka Island,-5.422299,154.672698,medium_airport,yes,https://davidmegginson.github.io/ourairports-data/airports.csv
Joshua Mqabuko Nkomo International Airport,Joshua Mqabuko Nkomo International Airport,BUQ,FVJN,FVBU,ZW,Zimbabwe,ZW-BU,Bulawayo,Bulawayo,-20.016284,28.622897,large_airport,yes,https://davidmegginson.github.io/ourairports-data/airports.csv
Bunia Airport,Bunia Airport,BUX,FZKA,FZKA,CD,Democratic Republic of the Congo,CD-IT,Bunia,Bunia,1.565743,30.220685,medium_airport,yes,https://davidmegginson.github.io/ourairports-data/airports.csv
Birdsville Airport,Birdsville Airport,BVI,YBDV,YBDV,AU,Australia,AU-QLD,,,-25.897499084472656,139.34800720214844,medium_airport,yes,https://davidmegginson.github.io/ourairports-data/airports.csv
Brunei International Airport,Brunei International Airport,BWN,WBSB,WBSB,BN,Brunei,BN-BM,Bandar Seri Begawan,Bandar Seri Begawan,4.9442,114.928001,large_airport,yes,https://davidmegginson.github.io/ourairports-data/airports.csv
Balakovo Airport,Balakovo Airport,BWO,UWSB,UWSB,RU,Russia,RU-SAR,Balakovo,Balakovo,51.858299,47.745602,medium_airport,yes,https://davidmegginson.github.io/ourairports-data/airports.csv
Balkhash Airport,Balkhash Airport,BXH,UAAH,UAAH,KZ,Kazakhstan,KZ-KAR,Balkhash,Balkhash,46.894246,75.004533,medium_airport,yes,https://davidmegginson.github.io/ourairports-data/airports.csv
Bam Airport,Bam Airport,BXR,OIKM,OIKM,IR,Iran,IR-08,Bam,Bam,29.0842,58.450001,medium_airport,yes,https://davidmegginson.github.io/ourairports-data/airports.csv
Baikonur Krayniy International Airport,Baikonur Krayniy International Airport,BXY,UAOL,UAOL,KZ,Kazakhstan,KZ-BAY,Baikonur,Baikonur,45.621994,63.210773,large_airport,yes,https://davidmegginson.github.io/ourairports-data/airports.csv
Carlos Manuel de Cespedes Airport,Carlos Manuel de Cespedes Airport,BYM,MUBY,MUBY,CU,Cuba,CU-12,Bayamo,Bayamo,20.3964,-76.621399,medium_airport,yes,https://davidmegginson.github.io/ourairports-data/airports.csv
Bayankhongor Airport,Bayankhongor Airport,BYN,ZMBH,ZMBH,MN,Mongolia,MN-069,Bayankhongor,Bayankhongor,46.1633,100.704002,medium_airport,yes,https://davidmegginson.github.io/ourairports-data/airports.csv
Cabinda Airport,Cabinda Airport,CAB,FNCA,FNCA,AO,Angola,AO-CAB,Cabinda,Cabinda,-5.59839,12.188145,medium_airport,yes,https://davidmegginson.github.io/ourairports-data/airports.csv
Canaima Airport,Canaima Airport,CAJ,SVCN,SVCN,VE,Venezuela,VE-F,Canaima,Canaima,6.231989,-62.85485,medium_airport,yes,https://davidmegginson.github.io/ourairports-data/airports.csv
Cap Haitien International Airport,Cap Haitien International Airport,CAP,MTCH,MTCH,HT,Haiti,HT-ND,Cap Haitien,Cap Haitien,19.725547,-72.20071,large_airport,yes,https://davidmegginson.github.io/ourairports-data/airports.csv
Cobar Airport,Cobar Airport,CAZ,YCBA,YCBA,AU,Australia,AU-NSW,,,-31.538299560546875,145.79400634765625,medium_airport,yes,https://davidmegginson.github.io/ourairports-data/airports.csv
Béchar Boudghene Ben Ali Lotfi Airport,Béchar Boudghene Ben Ali Lotfi Airport,CBH,DAOR,DAOR,DZ,Algeria,DZ-08,Béchar,Béchar,31.645700454711914,-2.269860029220581,medium_airport,yes,https://davidmegginson.github.io/ourairports-data/airports.csv
Catumbela Airport,Catumbela Airport,CBT,FNCT,FNCT,AO,Angola,AO-BGU,Catumbela,Catumbela,-12.4792,13.4869,medium_airport,yes,https://davidmegginson.github.io/ourairports-data/airports.csv
Jardines Del Rey Airport,Jardines Del Rey Airport,CCC,MUCC,MUCC,CU,Cuba,CU-08,Cayo Coco,Cayo Coco,22.461000442499998,-78.32839965820001,medium_airport,yes,https://davidmegginson.github.io/ourairports-data/airports.csv
Chub Cay Airport,Chub Cay Airport,CCZ,MYBC,MYBC,BS,Bahamas,BS-NS,Chub Cay,Chub Cay,25.417101,-77.880898,medium_airport,yes,https://davidmegginson.github.io/ourairports-data/airports.csv
Castellón-Costa Azahar Airport,Castellón-Costa Azahar Airport,CDT,LECH,LECH,ES,Spain,ES-VC,Castellón de la Plana,Castellón de la Plana,40.213889,0.073333,medium_airport,yes,https://davidmegginson.github.io/ourairports-data/airports.csv
Jaime Gonzalez Airport,Jaime Gonzalez Airport,CFG,MUCF,MUCF,CU,Cuba,CU-06,Cienfuegos,Cienfuegos,22.149999618530273,-80.41419982910156,medium_airport,yes,https://davidmegginson.github.io/ourairports-data/airports.csv
Chlef Aboubakr Belkaid International Airport,Chlef Aboubakr Belkaid International Airport,CFK,DAOI,DAOI,DZ,Algeria,DZ-02,Chlef,Chlef,36.216614,1.341114,large_airport,yes,https://davidmegginson.github.io/ourairports-data/airports.csv
Inia William Tuuta Memorial Airport,Inia William Tuuta Memorial Airport,CHT,NZCI,NZCI,NZ,New Zealand,NZ-WGN,Te One,Te One,-43.81189,-176.46514,medium_airport,yes,https://davidmegginson.github.io/ourairports-data/airports.csv
Capitán Aníbal Arab Airport,Capitán Aníbal Arab Airport,CIJ,SLCO,SLCO,BO,Bolivia,BO-N,Cobija,Cobija,-11.039109,-68.782774,medium_airport,yes,https://davidmegginson.github.io/ourairports-data/airports.csv
Canouan Airport,Canouan Airport,CIW,TVSC,TVSC,VC,Saint Vincent and the Grenadines,VC-06,Canouan,Canouan,12.699,-61.3424,medium_airport,yes,https://davidmegginson.github.io/ourairports-data/airports.csv
Chitral Airport,Chitral Airport,CJL,OPCH,OPCH,PK,Pakistan,PK-KP,Chitral,Chitral,35.886213,71.799922,medium_airport,yes,https://davidmegginson.github.io/ourairports-data/airports.csv
Cunnamulla Airport,Cunnamulla Airport,CMA,YCMU,YCMU,AU,Australia,AU-QLD,,,-28.030000686645508,145.6219940185547,medium_airport,yes,https://davidmegginson.github.io/ourairports-data/airports.csv
Chimbu Airport,Chimbu Airport,CMU,AYCH,AYCH,PG,Papua New Guinea,PG-CPK,Kundiawa,Kundiawa,-6.024290084838867,144.9709930419922,medium_airport,yes,https://davidmegginson.github.io/ourairports-data/airports.csv
Ignacio Agramonte International Airport,Ignacio Agramonte International Airport,CMW,MUCM,MUCM,CU,Cuba,CU-09,Camaguey,Camaguey,21.419909,-77.848039,large_airport,yes,https://davidmegginson.github.io/ourairports-data/airports.csv
Coonamble Airport,Coonamble Airport,CNB,YCNM,YCNM,AU,Australia,AU-NSW,,,-30.980946,148.377833,medium_airport,yes,https://davidmegginson.github.io/ourairports-data/airports.csv
Neerlerit Inaat Airport,Neerlerit Inaat Airport,CNP,BGCO,BGCO,GL,Greenland,GL-SE,Neerlerit Inaat,Neerlerit Inaat,70.743103,-22.650499,medium_airport,yes,https://davidmegginson.github.io/ourairports-data/airports.csv
Choibalsan Airport,Choibalsan Airport,COQ,ZMCD,ZMCD,MN,Mongolia,MN-061,,,48.135381,114.647231,medium_airport,yes,https://davidmegginson.github.io/ourairports-data/airports.csv
Colonel Hill Airport,Colonel Hill Airport,CRI,MYCI,MYCI,BS,Bahamas,BS-CK,Colonel Hill,Colonel Hill,22.7456,-74.182404,medium_airport,yes,https://davidmegginson.github.io/ourairports-data/airports.csv
Türkmenabat International Airport,Türkmenabat International Airport,CRZ,UTAV,UTAV,TM,Turkmenistan,TM-L,Türkmenabat,Türkmenabat,38.930662,63.563982,large_airport,yes,https://davidmegginson.github.io/ourairports-data/airports.csv
Cap Skirring Airport,Cap Skirring Airport,CSK,GOGS,GOGS,SN,Senegal,SN-ZG,Cap Skirring,Cap Skirring,12.39533,-16.748,medium_airport,yes,https://davidmegginson.github.io/ourairports-data/airports.csv
Cabo San Lucas International Airport,Cabo San Lucas International Airport,CSW,MMSL,MMSL,MX,Mexico,MX-BCS,Cabo San Lucas,Cabo San Lucas,22.949072,-109.939479,medium_airport,yes,https://davidmegginson.github.io/ourairports-data/airports.csv
Alonso Valderrama Airport,Alonso Valderrama Airport,CTD,MPCE,MPCE,PA,Panama,PA-6,Chitré,Chitré,7.98784,-80.409837,medium_airport,yes,https://davidmegginson.github.io/ourairports-data/airports.csv
Caye Caulker Airport,Caye Caulker Airport,CUK,,BZ-CUK,BZ,Belize,BZ-BZ,Caye Caulker,Caye Caulker,17.735015,-88.032862,medium_airport,yes,https://davidmegginson.github.io/ourairports-data/airports.csv
Antonio José de Sucre Airport,Antonio José de Sucre Airport,CUM,SVCU,SVCU,VE,Venezuela,VE-R,Cumaná,Cumaná,10.450333,-64.13047,medium_airport,yes,https://davidmegginson.github.io/ourairports-data/airports.csv
General Francisco Bermúdez Airport,General Francisco Bermúdez Airport,CUP,SVCP,SVCP,VE,Venezuela,VE-R,Carúpano,Carúpano,10.660014,-63.261681,medium_airport,yes,https://davidmegginson.github.io/ourairports-data/airports.csv
Coen Airport,Coen Airport,CUQ,YCOE,YCOE,AU,Australia,AU-QLD,Coen,Coen,-13.761133,143.113311,medium_airport,yes,https://davidmegginson.github.io/ourairports-data/airports.csv
Cassidy International Airport,Cassidy International Airport,CXI,PLCH,PLCH,KI,Kiribati,KI-L,Kiritimati,Kiritimati,1.986278,-157.350011,large_airport,yes,https://davidmegginson.github.io/ourairports-data/airports.csv
Tunggul Wulung Airport,Tunggul Wulung Airport,CXP,WAHL,WAHL,ID,Indonesia,ID-JT,Cilacap,Cilacap,-7.64506,109.033997,medium_airport,yes,https://davidmegginson.github.io/ourairports-data/airports.csv
Antoine-Simon International Airport,Antoine-Simon International Airport,CYA,MTCA,MTCA,HT,Haiti,HT-SD,Les Cayes,Les Cayes,18.271099,-73.7883,medium_airport,yes,https://davidmegginson.github.io/ourairports-data/airports.csv
Caye Chapel Airport,Caye Chapel Airport,CYC,,BZ-CYC,BZ,Belize,BZ-BZ,Caye Chapel,Caye Chapel,17.683792,-88.044985,medium_airport,yes,https://davidmegginson.github.io/ourairports-data/airports.csv
Vilo Acuña International Airport,Vilo Acuña International Airport,CYO,MUCL,MUCL,CU,Cuba,CU-99,Cayo Largo del Sur,Cayo Largo del Sur,21.6165008545,-81.5459976196,medium_airport,yes,https://davidmegginson.github.io/ourairports-data/airports.csv
José Leonardo Chirinos Airport,José Leonardo Chirinos Airport,CZE,SVCR,SVCR,VE,Venezuela,VE-I,Coro,Coro,11.414944,-69.680901,medium_airport,yes,https://davidmegginson.github.io/ourairports-data/airports.csv
Corozal Airport,Corozal Airport,CZH,,BZ-CZH,BZ,Belize,BZ-CZL,Corozal,Corozal,18.3822,-88.411903,medium_airport,yes,https://davidmegginson.github.io/ourairports-data/airports.csv
Daru Airport,Daru Airport,DAU,AYDU,AYDU,PG,Papua New Guinea,PG-WPD,Daru,Daru,-9.08676,143.207993,medium_airport,yes,https://davidmegginson.github.io/ourairports-data/airports.csv
Dera Ghazi Khan Airport,Dera Ghazi Khan Airport,DEA,OPDG,OPDG,PK,Pakistan,PK-PB,Dera Ghazi Khan,Dera Ghazi Khan,29.961000442504883,70.48590087890625,medium_airport,yes,https://davidmegginson.github.io/ourairports-data/airports.csv
Dezful Airport,Dezful Airport,DEF,OIAD,OIAD,IR,Iran,IR-06,Dezful,Dezful,32.434399,48.397598,medium_airport,yes,https://davidmegginson.github.io/ourairports-data/airports.csv
Dangriga Airport,Dangriga Airport,DGA,,BZ-DGA,BZ,Belize,BZ-SC,Dangriga,Dangriga,16.98251,-88.230988,medium_airport,yes,https://davidmegginson.github.io/ourairports-data/airports.csv
Dhoho International Airport,Dhoho International Airport,DHX,WARD,ID-0277,ID,Indonesia,ID-JI,Kediri,Kediri,-7.749527,111.946831,medium_airport,yes,https://davidmegginson.github.io/ourairports-data/airports.csv
Doha International Airport,Doha International Airport,DIA,OTBD,OTBD,QA,Qatar,QA-DA,Doha,Doha,25.259431,51.565528,large_airport,yes,https://davidmegginson.github.io/ourairports-data/airports.csv
Aba Tenna Dejazmach Yilma International Airport,Aba Tenna Dejazmach Yilma International Airport,DIR,HADR,HADR,ET,Ethiopia,ET-DD,Dire Dawa,Dire Dawa,9.623549,41.855027,large_airport,yes,https://davidmegginson.github.io/ourairports-data/airports.csv
Tiska Djanet Airport,Tiska Djanet Airport,DJG,DAAJ,DAAJ,DZ,Algeria,DZ-56,Djanet,Djanet,24.285448,9.463652,large_airport,yes,https://davidmegginson.github.io/ourairports-data/airports.csv
Dalanzadgad Airport,Dalanzadgad Airport,DLZ,ZMDZ,ZMDZ,MN,Mongolia,MN-053,Dalanzadgad,Dalanzadgad,43.608628,104.367734,medium_airport,yes,https://davidmegginson.github.io/ourairports-data/airports.csv
Dongola Airport,Dongola Airport,DOG,HSDN,HSDN,SD,Sudan,SD-01,Dongola,Dongola,19.153666,30.430069,medium_airport,yes,https://davidmegginson.github.io/ourairports-data/airports.csv
Sondok Airport,Sondok Airport,DSO,ZKSD,ZKSD,KP,North Korea,KP-08,Sŏndŏng-ni,Sŏndŏng-ni,39.745201,127.473999,medium_airport,yes,https://davidmegginson.github.io/ourairports-data/airports.csv
Dara Sakor International Airport,Dara Sakor International Airport,DSY,,KH-0001,KH,Cambodia,KH-9,Ta Noun,Ta Noun,10.914244,103.226652,large_airport,yes,https://davidmegginson.github.io/ourairports-data/airports.csv
Dundo Airport,Dundo Airport,DUE,FNDU,FNDU,AO,Angola,AO-LNO,Chitato,Chitato,-7.400889873504639,20.818500518798828,medium_airport,yes,https://davidmegginson.github.io/ourairports-data/airports.csv
Pinang Kampai Airport,Pinang Kampai Airport,DUM,WIBD,WIBD,ID,Indonesia,ID-RI,Dumai,Dumai,1.609026,101.433493,medium_airport,yes,https://davidmegginson.github.io/ourairports-data/airports.csv
El-Obeid Airport,El-Obeid Airport,EBD,HSOB,HSOB,SD,Sudan,SD-09,El-Obeid,El-Obeid,13.1532,30.2327,medium_airport,yes,https://davidmegginson.github.io/ourairports-data/airports.csv
Terrance B. Lettsome International Airport,Terrance B. Lettsome International Airport,EIS,TUPJ,TUPJ,VG,British Virgin Islands,VG-U-A,Beef Island,Beef Island,18.445492,-64.541707,large_airport,yes,https://davidmegginson.github.io/ourairports-data/airports.csv
El Fasher Airport,El Fasher Airport,ELF,HSFS,HSFS,SD,Sudan,SD-02,El Fasher,El Fasher,13.614899635314941,25.324600219726562,medium_airport,yes,https://davidmegginson.github.io/ourairports-data/airports.csv
El Golea Airport,El Golea Airport,ELG,DAUE,DAUE,DZ,Algeria,DZ-50,El Menia,El Menia,30.580732,2.861595,medium_airport,yes,https://davidmegginson.github.io/ourairports-data/airports.csv
North Eleuthera Airport,North Eleuthera Airport,ELH,MYEH,MYEH,BS,Bahamas,BS-HI,North Eleuthera,North Eleuthera,25.475823,-76.680784,medium_airport,yes,https://davidmegginson.github.io/ourairports-data/airports.csv
Guemar Airport - مطار قمار بالوادي,Guemar Airport - مطار قمار بالوادي,ELU,DAUO,DAUO,DZ,Algeria,DZ-39,Guemar,Guemar,33.511398,6.77679,medium_airport,yes,https://davidmegginson.github.io/ourairports-data/airports.csv
Teniente Ramon A. Ayub Gonzalez International Airport,Teniente Ramon A. Ayub Gonzalez International Airport,ENO,SGEN,SGEN,PY,Paraguay,PY-7,Encarnación,Encarnación,-27.227537,-55.837584,large_airport,yes,https://davidmegginson.github.io/ourairports-data/airports.csv
Eday Airport,Eday Airport,EOI,EGED,EGED,GB,United Kingdom,GB-SCT,Eday,Eday,59.19060134887695,-2.7722198963165283,medium_airport,yes,https://davidmegginson.github.io/ourairports-data/airports.csv
Lubumbashi International Airport,Lubumbashi International Airport,FBM,FZQA,FZQA,CD,Democratic Republic of the Congo,CD-HK,Lubumbashi,Lubumbashi,-11.591494,27.530753,large_airport,yes,https://davidmegginson.github.io/ourairports-data/airports.csv
Sea-Airport Cuxhaven/Nordholz / Nordholz Naval Airbase,Sea-Airport Cuxhaven/Nordholz / Nordholz Naval Airbase,FCN,ETMN,ETMN,DE,Germany,DE-NI,Wurster Nordseeküste,Wurster Nordseeküste,53.767689,8.659201,medium_airport,yes,https://davidmegginson.github.io/ourairports-data/airports.csv
Bandundu Airport,Bandundu Airport,FDU,FZBO,FZBO,CD,Democratic Republic of the Congo,CD-KL,Bandundu,Bandundu,-3.31132,17.381701,medium_airport,yes,https://davidmegginson.github.io/ourairports-data/airports.csv
Ndjili International Airport,Ndjili International Airport,FIH,FZAA,FZAA,CD,Democratic Republic of the Congo,CD-KN,Kinshasa,Kinshasa,-4.38575,15.4446,large_airport,yes,https://davidmegginson.github.io/ourairports-data/airports.csv
Fitzroy Crossing Airport,Fitzroy Crossing Airport,FIZ,YFTZ,YFTZ,AU,Australia,AU-WA,,,-18.183596,125.559783,medium_airport,yes,https://davidmegginson.github.io/ourairports-data/airports.csv
Fujairah International Airport,Fujairah International Airport,FJR,OMFJ,OMFJ,AE,United Arab Emirates,AE-FU,Fujairah,Fujairah,25.108411,56.328061,large_airport,yes,https://davidmegginson.github.io/ourairports-data/airports.csv
Bangoka International Airport,Bangoka International Airport,FKI,FZIC,FZIC,CD,Democratic Republic of the Congo,CD-TO,Kisangani,Kisangani,0.481639,25.337999,large_airport,yes,https://davidmegginson.github.io/ourairports-data/airports.csv
Fakfak Airport,Fakfak Airport,FKQ,WASF,WASF,ID,Indonesia,ID-PB,Fakfak,Fakfak,-2.920508,132.267011,medium_airport,yes,https://davidmegginson.github.io/ourairports-data/airports.csv
Dr. Ferdinand Lumban Tobing Airport,Dr. Ferdinand Lumban Tobing Airport,FLZ,WIMS,WIMS,ID,Indonesia,ID-SU,Sibolga (Pinangsori),Sibolga (Pinangsori),1.557127,98.887145,medium_airport,yes,https://davidmegginson.github.io/ourairports-data/airports.csv
Kalemie Airport,Kalemie Airport,FMI,FZRF,FZRF,CD,Democratic Republic of the Congo,CD-TA,Kalemie,Kalemie,-5.87556,29.25,medium_airport,yes,https://davidmegginson.github.io/ourairports-data/airports.csv
Lungi International Airport,Lungi International Airport,FNA,GFLL,GFLL,SL,Sierra Leone,SL-N,Freetown (Lungi-Town),Freetown (Lungi-Town),8.61644,-13.1955,large_airport,yes,https://davidmegginson.github.io/ourairports-data/airports.csv
Pyongyang Sunan International Airport,Pyongyang Sunan International Airport,FNJ,ZKPY,ZKPY,KP,North Korea,KP-01,Pyongyang,Pyongyang,39.224098,125.669998,large_airport,yes,https://davidmegginson.github.io/ourairports-data/airports.csv
La Fortuna Arenal Airport,La Fortuna Arenal Airport,FON,MRAN,MRAN,CR,Costa Rica,CR-A,La Fortuna,La Fortuna,10.469311,-84.579073,medium_airport,yes,https://davidmegginson.github.io/ourairports-data/airports.csv
Grand Bahama International Airport,Grand Bahama International Airport,FPO,MYGF,MYGF,BS,Bahamas,BS-FP,Freeport,Freeport,26.557996,-78.695583,large_airport,yes,https://davidmegginson.github.io/ourairports-data/airports.csv
Funafuti International Airport,Funafuti International Airport,FUN,NGFU,NGFU,TV,Tuvalu,TV-FUN,Funafuti,Funafuti,-8.523885,179.196976,medium_airport,yes,https://davidmegginson.github.io/ourairports-data/airports.csv
Gabès Matmata International Airport,Gabès Matmata International Airport,GAE,DTTG,DTTG,TN,Tunisia,TN-81,Gabès,Gabès,33.733691,9.91941,medium_airport,yes,https://davidmegginson.github.io/ourairports-data/airports.csv
Gafsa Ksar International Airport,Gafsa Ksar International Airport,GAF,DTTF,DTTF,TN,Tunisia,TN-71,Gafsa,Gafsa,34.422000885009766,8.822500228881836,medium_airport,yes,https://davidmegginson.github.io/ourairports-data/airports.csv
Gao International Airport,Gao International Airport,GAQ,GAGO,GAGO,ML,Mali,ML-7,Gao,Gao,16.248466,-0.005389,medium_airport,yes,https://davidmegginson.github.io/ourairports-data/airports.csv
Gachsaran Airport,Gachsaran Airport,GCH,OIAH,OIAH,IR,Iran,IR-17,Gachsaran,Gachsaran,30.333869,50.833796,medium_airport,yes,https://davidmegginson.github.io/ourairports-data/airports.csv
Gode Airport,Gode Airport,GDE,HAGO,HAGO,ET,Ethiopia,ET-SO,Gode,Gode,5.93513011932,43.5786018372,medium_airport,yes,https://davidmegginson.github.io/ourairports-data/airports.csv
Gondar Airport,Gondar Airport,GDQ,HAGN,HAGN,ET,Ethiopia,ET-AM,Azezo,Azezo,12.5199,37.433998,medium_airport,yes,https://davidmegginson.github.io/ourairports-data/airports.csv
JAGS McCartney International Airport,JAGS McCartney International Airport,GDT,MBGT,MBGT,TC,Turks and Caicos Islands,TC-GT,Cockburn Town,Cockburn Town,21.4445,-71.142303,medium_airport,yes,https://davidmegginson.github.io/ourairports-data/airports.csv
Lefkoniko Airport / Geçitkale Air Base,Lefkoniko Airport / Geçitkale Air Base,GEC,LCGK,LCGK,CY,Cyprus,CY-03,Lefkoniko (Geçitkale),Lefkoniko (Geçitkale),35.23591,33.720088,medium_airport,yes,https://davidmegginson.github.io/ourairports-data/airports.csv
President Obiang Nguema International Airport,President Obiang Nguema International Airport,GEM,FGMY,FGMY,GQ,Equatorial Guinea,GQ-WN,Mengomeyén,Mengomeyén,1.676437,11.024904,medium_airport,yes,https://davidmegginson.github.io/ourairports-data/airports.csv
Rafael Cabrera Airport,Rafael Cabrera Airport,GER,MUNG,MUNG,CU,Cuba,CU-99,Nueva Gerona,Nueva Gerona,21.834699630737305,-82.78379821777344,medium_airport,yes,https://davidmegginson.github.io/ourairports-data/airports.csv
Exuma International Airport,Exuma International Airport,GGT,MYEF,MYEF,BS,Bahamas,BS-EX,Moss Town,Moss Town,23.562599,-75.877998,medium_airport,yes,https://davidmegginson.github.io/ourairports-data/airports.csv
Noumérat - Moufdi Zakaria Airport,Noumérat - Moufdi Zakaria Airport,GHA,DAUG,DAUG,DZ,Algeria,DZ-47,El Atteuf,El Atteuf,32.384102,3.79411,medium_airport,yes,https://davidmegginson.github.io/ourairports-data/airports.csv
Governor's Harbour Airport,Governor's Harbour Airport,GHB,MYEM,MYEM,BS,Bahamas,BS-CE,Governor's Harbour,Governor's Harbour,25.2847,-76.331001,medium_airport,yes,https://davidmegginson.github.io/ourairports-data/airports.csv
Ghat Airport,Ghat Airport,GHT,HLGT,HLGT,LY,Libya,LY-GT,Ghat,Ghat,25.1455993652,10.142600059500001,medium_airport,yes,https://davidmegginson.github.io/ourairports-data/airports.csv
Gitega Airport,Gitega Airport,GID,HBBE,HBBE,BI,Burundi,BI-GI,Gitega,Gitega,-3.417209,29.911308,medium_airport,yes,https://davidmegginson.github.io/ourairports-data/airports.csv
Gilgit Airport,Gilgit Airport,GIL,OPGT,OPGT,PK,Pakistan,PK-GB,Gilgit,Gilgit,35.918800354003906,74.33360290527344,medium_airport,yes,https://davidmegginson.github.io/ourairports-data/airports.csv
La Laguna Airport,La Laguna Airport,GJA,MHNJ,MHNJ,HN,Honduras,HN-IB,Guanaja,Guanaja,16.4454,-85.906601,medium_airport,yes,https://davidmegginson.github.io/ourairports-data/airports.csv
Goroka Airport,Goroka Airport,GKA,AYGA,AYGA,PG,Papua New Guinea,PG-EHG,Goronka,Goronka,-6.081689834590001,145.391998291,medium_airport,yes,https://davidmegginson.github.io/ourairports-data/airports.csv
Gemena Airport,Gemena Airport,GMA,FZFK,FZFK,CD,Democratic Republic of the Congo,CD-SU,Gemena,Gemena,3.23537,19.771299,medium_airport,yes,https://davidmegginson.github.io/ourairports-data/airports.csv
Gambela Airport,Gambela Airport,GMB,HAGM,HAGM,ET,Ethiopia,ET-GA,Gambela,Gambela,8.12876,34.563099,medium_airport,yes,https://davidmegginson.github.io/ourairports-data/airports.csv
Gombe Lawanti International Airport,Gombe Lawanti International Airport,GMO,DNGO,DNGO,NG,Nigeria,NG-GO,Gombe,Gombe,10.298889,10.9,medium_airport,yes,https://davidmegginson.github.io/ourairports-data/airports.csv
Maurice Bishop International Airport,Maurice Bishop International Airport,GND,TGPY,TGPY,GD,Grenada,GD-GE,Saint George's,Saint George's,12.003996,-61.785302,large_airport,yes,https://davidmegginson.github.io/ourairports-data/airports.csv
Nuuk International Airport,Nuuk International Airport,GOH,BGGH,BGGH,GL,Greenland,GL-SE,Nuuk,Nuuk,64.191066,-51.67914,large_airport,yes,https://davidmegginson.github.io/ourairports-data/airports.csv
Goma International Airport,Goma International Airport,GOM,FZNA,FZNA,CD,Democratic Republic of the Congo,CD-NK,Goma,Goma,-1.666758,29.238037,large_airport,yes,https://davidmegginson.github.io/ourairports-data/airports.csv
Manohar International Airport,Manohar International Airport,GOX,VOGA,VOGA,IN,India,IN-GA,Mopa,Mopa,15.744257,73.860625,large_airport,yes,https://davidmegginson.github.io/ourairports-data/airports.csv
Gallup Municipal Airport,Gallup Municipal Airport,GUP,KGUP,KGUP,US,United States,US-NM,Gallup,Gallup,35.511653,-108.788166,medium_airport,yes,https://davidmegginson.github.io/ourairports-data/airports.csv
Gurney Airport,Gurney Airport,GUR,AYGN,AYGN,PG,Papua New Guinea,PG-MBA,Gurney,Gurney,-10.3114995956,150.333999634,medium_airport,yes,https://davidmegginson.github.io/ourairports-data/airports.csv
New Gwadar International Airport,New Gwadar International Airport,GWD,OPGW,OPGD,PK,Pakistan,PK-BA,Gurandani,Gurandani,25.296733,62.498822,large_airport,yes,https://davidmegginson.github.io/ourairports-data/airports.csv
Seiyun Hadhramaut International Airport,Seiyun Hadhramaut International Airport,GXF,OYSY,OYSY,YE,Yemen,YE-HD,Seiyun,Seiyun,15.965887,48.788146,large_airport,yes,https://davidmegginson.github.io/ourairports-data/airports.csv
Negage Airport,Negage Airport,GXG,FNNG,FNNG,AO,Angola,AO-UIG,Negage,Negage,-7.754509925842285,15.287699699401855,medium_airport,yes,https://davidmegginson.github.io/ourairports-data/airports.csv
Guayaramerín Airport,Guayaramerín Airport,GYA,,SLGM,BO,Bolivia,BO-B,Guayaramerín,Guayaramerín,-10.88856,-65.380955,medium_airport,yes,https://davidmegginson.github.io/ourairports-data/airports.csv
Hanimaadhoo International Airport,Hanimaadhoo International Airport,HAQ,VRMH,VRMH,MV,Maldives,MV-23,Haa Dhaalu Atoll,Haa Dhaalu Atoll,6.743235,73.167072,large_airport,yes,https://davidmegginson.github.io/ourairports-data/airports.csv
Hamadan Airport,Hamadan Airport,HDM,OIHH,OIHH,IR,Iran,IR-13,Hamadan,Hamadan,34.866416,48.56069,medium_airport,yes,https://davidmegginson.github.io/ourairports-data/airports.csv
Eastgate Airport / Air Force Base Hoedspruit,Eastgate Airport / Air Force Base Hoedspruit,HDS,FAHS,FAHT,ZA,South Africa,ZA-NP,Hoedspruit,Hoedspruit,-24.361864,31.052921,medium_airport,yes,https://davidmegginson.github.io/ourairports-data/airports.csv
Herat - Khwaja Abdullah Ansari International Airport,Herat - Khwaja Abdullah Ansari International Airport,HEA,OAHR,OAHR,AF,Afghanistan,AF-HER,Guzara,Guzara,34.209999,62.228298,large_airport,yes,https://davidmegginson.github.io/ourairports-data/airports.csv
Heho Airport,Heho Airport,HEH,VYHH,VYHH,MM,Myanmar,MM-17,Heho,Heho,20.74714,96.792029,medium_airport,yes,https://davidmegginson.github.io/ourairports-data/airports.csv
Mount Hagen Kagamuga Airport,Mount Hagen Kagamuga Airport,HGU,AYMH,AYMH,PG,Papua New Guinea,PG-WHM,Mount Hagen,Mount Hagen,-5.828212,144.299412,medium_airport,yes,https://davidmegginson.github.io/ourairports-data/airports.csv
Honiara International Airport,Honiara International Airport,HIR,AGGH,AGGH,SB,Solomon Islands,SB-GU,Honiara,Honiara,-9.428,160.054993,large_airport,yes,https://davidmegginson.github.io/ourairports-data/airports.csv
Hokitika Airfield,Hokitika Airfield,HKK,NZHK,NZHK,NZ,New Zealand,NZ-WTC,,,-42.713600158691406,170.98500061035156,medium_airport,yes,https://davidmegginson.github.io/ourairports-data/airports.csv
Hoskins Airport,Hoskins Airport,HKN,AYHK,AYHK,PG,Papua New Guinea,PG-WBK,Kimbe,Kimbe,-5.463846,150.407327,medium_airport,yes,https://davidmegginson.github.io/ourairports-data/airports.csv
Frank Pais International Airport,Frank Pais International Airport,HOG,MUHG,MUHG,CU,Cuba,CU-11,Holguin,Holguin,20.785148,-76.315526,large_airport,yes,https://davidmegginson.github.io/ourairports-data/airports.csv
Lifuka Island Airport,Lifuka Island Airport,HPA,NFTL,NFTL,TO,Tonga,TO-02,Lifuka,Lifuka,-19.777000427246094,-174.34100341796875,medium_airport,yes,https://davidmegginson.github.io/ourairports-data/airports.csv
Hazrat Sultan International Airport,Hazrat Sultan International Airport,HSA,UAIT,UAIT,KZ,Kazakhstan,KZ-YUZ,Turkıstan,Turkıstan,43.311087,68.550352,large_airport,yes,https://davidmegginson.github.io/ourairports-data/airports.csv
Rajkot International Airport,Rajkot International Airport,HSR,VAHS,VAHS,IN,India,IN-GJ,Rajkot,Rajkot,22.378824,71.039391,large_airport,yes,https://davidmegginson.github.io/ourairports-data/airports.csv
Khovd Airport,Khovd Airport,HVD,ZMKD,ZMKD,MN,Mongolia,MN-043,Khovd,Khovd,47.954102,91.628197,medium_airport,yes,https://davidmegginson.github.io/ourairports-data/airports.csv
Halwara International Airport,Halwara International Airport,HWR,VIHX,VIHX,IN,India,IN-PB,Halwara,Halwara,30.748501,75.629799,large_airport,yes,https://davidmegginson.github.io/ourairports-data/airports.csv
Zarzaitine - In Aménas Airport,Zarzaitine - In Aménas Airport,IAM,DAUZ,DAUZ,DZ,Algeria,DZ-33,In Aménas,In Aménas,28.0515,9.64291,medium_airport,yes,https://davidmegginson.github.io/ourairports-data/airports.csv
Inagua Airport,Inagua Airport,IGA,MYIG,MYIG,BS,Bahamas,BS-IN,Matthew Town,Matthew Town,20.975,-73.666901,medium_airport,yes,https://davidmegginson.github.io/ourairports-data/airports.csv
Karakol International Airport,Karakol International Airport,IKG,UCFK,UAFP,KG,Kyrgyzstan,KG-Y,Karakol,Karakol,42.508099,78.407799,medium_airport,yes,https://davidmegginson.github.io/ourairports-data/airports.csv
Issyk-Kul International Airport,Issyk-Kul International Airport,IKU,UCFL,UCFL,KG,Kyrgyzstan,KG-Y,Tamchy,Tamchy,42.585584,76.701181,large_airport,yes,https://davidmegginson.github.io/ourairports-data/airports.csv
Inhambane Airport,Inhambane Airport,INH,FQIN,FQIN,MZ,Mozambique,MZ-I,Inhambane,Inhambane,-23.8764,35.408501,medium_airport,yes,https://davidmegginson.github.io/ourairports-data/airports.csv
Nauru International Airport,Nauru International Airport,INU,ANYN,ANYN,NR,Nauru,NR-14,Yaren,Yaren,-0.547893,166.919525,medium_airport,yes,https://davidmegginson.github.io/ourairports-data/airports.csv
Matari Airport,Matari Airport,IRP,FZJH,FZJH,CD,Democratic Republic of the Congo,CD-HU,Isiro,Isiro,2.82761,27.588301,medium_airport,yes,https://davidmegginson.github.io/ourairports-data/airports.csv
Islamabad International Airport,Islamabad International Airport,ISB,OPIS,OPIS,PK,Pakistan,PK-PB,Attock,Attock,33.549,72.82566,large_airport,yes,https://davidmegginson.github.io/ourairports-data/airports.csv
Niue International Airport,Niue International Airport,IUE,NIUE,NIUE,NU,Niue,NU-U-A,Alofi,Alofi,-19.080109,-169.923493,medium_airport,yes,https://davidmegginson.github.io/ourairports-data/airports.csv
Ilulissat Airport,Ilulissat Airport,JAV,BGJN,BGJN,GL,Greenland,GL-AV,Ilulissat,Ilulissat,69.243202,-51.057098,medium_airport,yes,https://davidmegginson.github.io/ourairports-data/airports.csv
České Budějovice South Bohemian Airport,České Budějovice South Bohemian Airport,JCL,LKCS,LKCS,CZ,Czech Republic,CZ-JC,České Budějovice,České Budějovice,48.948171,14.42832,large_airport,yes,https://davidmegginson.github.io/ourairports-data/airports.csv
Jérémie Airport,Jérémie Airport,JEE,MTJE,MTJE,HT,Haiti,HT-GA,Carrefour Sanon,Carrefour Sanon,18.663099,-74.170303,medium_airport,yes,https://davidmegginson.github.io/ourairports-data/airports.csv
Aasiaat Airport,Aasiaat Airport,JEG,BGAA,BGAA,GL,Greenland,GL-QK,Aasiaat,Aasiaat,68.721802,-52.784698,medium_airport,yes,https://davidmegginson.github.io/ourairports-data/airports.csv
Sisimiut Airport,Sisimiut Airport,JHS,BGSS,BGSS,GL,Greenland,GL-QA,Sisimiut,Sisimiut,66.951302,-53.729301,medium_airport,yes,https://davidmegginson.github.io/ourairports-data/airports.csv
Gerad Wilwal International Airport,Gerad Wilwal International Airport,JIJ,HAJJ,HAJJ,ET,Ethiopia,ET-SO,Jijiga,Jijiga,9.331907,42.911811,large_airport,yes,https://davidmegginson.github.io/ourairports-data/airports.csv
Jimma Airport,Jimma Airport,JIM,HAJM,HAJM,ET,Ethiopia,ET-OR,Jimma,Jimma,7.66609001159668,36.81660079956055,medium_airport,yes,https://davidmegginson.github.io/ourairports-data/airports.csv
Qaqortoq Airport,Qaqortoq Airport,JJU,BGQO,GL-0012,GL,Greenland,GL-KU,Qaqortoq,Qaqortoq,60.76383,-46.065001,medium_airport,yes,https://davidmegginson.github.io/ourairports-data/airports.csv
Juba International Airport,Juba International Airport,JUB,HJJJ,HJJJ,SS,South Sudan,SS-EC,Juba,Juba,4.87201,31.601101,large_airport,yes,https://davidmegginson.github.io/ourairports-data/airports.csv
Kariba Airport,Kariba Airport,KAB,FVKB,FVKB,ZW,Zimbabwe,ZW-MW,Kariba,Kariba,-16.5198,28.885,medium_airport,yes,https://davidmegginson.github.io/ourairports-data/airports.csv
Qamishli International Airport,Qamishli International Airport,KAC,OSKL,OSKL,SY,Syria,SY-HA,Qamishli,Qamishli,37.020599,41.191399,medium_airport,yes,https://davidmegginson.github.io/ourairports-data/airports.csv
Kaieteur Airport,Kaieteur Airport,KAI,SYKA,SYKA,GY,Guyana,GY-PT,Kaieteur Falls,Kaieteur Falls,5.177349,-59.48898,medium_airport,yes,https://davidmegginson.github.io/ourairports-data/airports.csv
Kaitaia Airport,Kaitaia Airport,KAT,NZKT,NZKT,NZ,New Zealand,NZ-NTL,Awanui,Awanui,-35.069837,173.287053,medium_airport,yes,https://davidmegginson.github.io/ourairports-data/airports.csv
Kawthoung Airport,Kawthoung Airport,KAW,VYKT,VYKT,MM,Myanmar,MM-05,Kawthoung,Kawthoung,10.049300193786621,98.53800201416016,medium_airport,yes,https://davidmegginson.github.io/ourairports-data/airports.csv
Kabul International Airport,Kabul International Airport,KBL,OAKB,OAKB,AF,Afghanistan,AF-KAB,Kabul,Kabul,34.565899,69.212303,large_airport,yes,https://davidmegginson.github.io/ourairports-data/airports.csv
Koggala Airport,Koggala Airport,KCT,VCCK,VCCK,LK,Sri Lanka,LK-3,Galle,Galle,5.993680000305176,80.32029724121094,medium_airport,yes,https://davidmegginson.github.io/ourairports-data/airports.csv
Krasnoyarsk Cheremshanka Airport,Krasnoyarsk Cheremshanka Airport,KCY,,UNKM,RU,Russia,RU-KYA,Krasnoyarsk,Krasnoyarsk,56.177584,92.545881,medium_airport,yes,https://davidmegginson.github.io/ourairports-data/airports.csv
Ahmad Shah Baba International Airport,Ahmad Shah Baba International Airport,KDH,OAKN,OAKN,AF,Afghanistan,AF-KAN,Kandahar,Kandahar,31.505769,65.847963,large_airport,yes,https://davidmegginson.github.io/ourairports-data/airports.csv
Kaadedhdhoo Airport,Kaadedhdhoo Airport,KDM,VRMT,VRMT,MV,Maldives,MV-28,Huvadhu Atoll,Huvadhu Atoll,0.488131,72.996902,medium_airport,yes,https://davidmegginson.github.io/ourairports-data/airports.csv
Kadhdhoo Airport,Kadhdhoo Airport,KDO,VRMK,VRMK,MV,Maldives,MV-05,Kadhdhoo,Kadhdhoo,1.8591699600219727,73.52189636230469,medium_airport,yes,https://davidmegginson.github.io/ourairports-data/airports.csv
Kengtung Airport,Kengtung Airport,KET,VYKG,VYKG,MM,Myanmar,MM-17,Kengtung,Kengtung,21.301599502563477,99.63600158691406,medium_airport,yes,https://davidmegginson.github.io/ourairports-data/airports.csv
Kananga Airport,Kananga Airport,KGA,FZUA,FZUA,CD,Democratic Republic of the Congo,CD-KC,Kananga,Kananga,-5.90005,22.4692,medium_airport,yes,https://davidmegginson.github.io/ourairports-data/airports.csv
Khoram Abad Airport,Khoram Abad Airport,KHD,OICK,OICK,IR,Iran,IR-15,,,33.43539810180664,48.282901763916016,medium_airport,yes,https://davidmegginson.github.io/ourairports-data/airports.csv
Khark Airport,Khark Airport,KHK,OIBQ,OIBQ,IR,Iran,IR-18,Khark,Khark,29.260503,50.322193,medium_airport,yes,https://davidmegginson.github.io/ourairports-data/airports.csv
Khasab Airport,Khasab Airport,KHS,OOKB,OOKB,OM,Oman,OM-MU,Khasab,Khasab,26.171,56.240601,medium_airport,yes,https://davidmegginson.github.io/ourairports-data/airports.csv
Khost International Airport,Khost International Airport,KHT,OAKS,OAKS,AF,Afghanistan,AF-KHO,Khost,Khost,33.284605,69.80734,medium_airport,yes,https://davidmegginson.github.io/ourairports-data/airports.csv
Savannah Airstrip,Savannah Airstrip,KHX,,UG-0002,UG,Uganda,UG-W,Kihihi,Kihihi,-0.7165,29.6997,medium_airport,yes,https://davidmegginson.github.io/ourairports-data/airports.csv
Kirkuk International Airport,Kirkuk International Airport,KIK,ORKK,ORKK,IQ,Iraq,IQ-TS,Kirkuk,Kirkuk,35.469501,44.3489,large_airport,yes,https://davidmegginson.github.io/ourairports-data/airports.csv
Kisumu International Airport,Kisumu International Airport,KIS,HKKI,HKKI,KE,Kenya,KE-42,Kisumu,Kisumu,-0.086139,34.728901,large_airport,yes,https://davidmegginson.github.io/ourairports-data/airports.csv
Kerikeri Airport,Kerikeri Airport,KKE,NZKK,NZKK,NZ,New Zealand,NZ-NTL,Kerikeri,Kerikeri,-35.259148,173.913317,medium_airport,yes,https://davidmegginson.github.io/ourairports-data/airports.csv
Kashan Airport,Kashan Airport,KKS,OIFK,OIFK,IR,Iran,IR-10,Kashan,Kashan,33.895302,51.577,medium_airport,yes,https://davidmegginson.github.io/ourairports-data/airports.csv
Kikwit Airport,Kikwit Airport,KKW,FZCA,FZCA,CD,Democratic Republic of the Congo,CD-KL,Kikwit,Kikwit,-5.03577,18.785601,medium_airport,yes,https://davidmegginson.github.io/ourairports-data/airports.csv
Kerema Airport,Kerema Airport,KMA,AYKM,AYKM,PG,Papua New Guinea,PG-GPK,Kerema,Kerema,-7.96361017227,145.770996094,medium_airport,yes,https://davidmegginson.github.io/ourairports-data/airports.csv
King Khaled Military City Airport,King Khaled Military City Airport,KMC,OEKK,OEKK,SA,Saudi Arabia,SA-04,King Khaled Military City,King Khaled Military City,27.9009,45.528198,medium_airport,yes,https://davidmegginson.github.io/ourairports-data/airports.csv
Kamembe Airport,Kamembe Airport,KME,HRZA,HRZA,RW,Rwanda,RW-04,Kamembe,Kamembe,-2.462239980697632,28.907899856567383,medium_airport,yes,https://davidmegginson.github.io/ourairports-data/airports.csv
Kindu Airport,Kindu Airport,KND,FZOA,FZOA,CD,Democratic Republic of the Congo,CD-MA,Kindu,Kindu,-2.91917991638,25.915399551399997,medium_airport,yes,https://davidmegginson.github.io/ourairports-data/airports.csv
Utarom Airport,Utarom Airport,KNG,WASK,WASK,ID,Indonesia,ID-PB,Kaimana,Kaimana,-3.6446,133.695116,medium_airport,yes,https://davidmegginson.github.io/ourairports-data/airports.csv
Bokhtar International Airport,Bokhtar International Airport,KQT,UTDT,UTDT,TJ,Tajikistan,TJ-KT,Bokhtar,Bokhtar,37.866315,68.864475,large_airport,yes,https://davidmegginson.github.io/ourairports-data/airports.csv
Turkmenbaşy International Airport,Turkmenbaşy International Airport,KRW,UTAK,UTAK,TM,Turkmenistan,TM-B,Turkmenbaşy,Turkmenbaşy,40.062833,53.005085,medium_airport,yes,https://davidmegginson.github.io/ourairports-data/airports.csv
Kosrae International Airport,Kosrae International Airport,KSA,PTSA,PTSA,FM,Micronesia,FM-KSA,Okat,Okat,5.35698,162.957993,large_airport,yes,https://davidmegginson.github.io/ourairports-data/airports.csv
Kassala Airport,Kassala Airport,KSL,HSKA,HSKA,SD,Sudan,SD-05,Kassala,Kassala,15.387499809265137,36.328800201416016,medium_airport,yes,https://davidmegginson.github.io/ourairports-data/airports.csv
Techo International Airport,Techo International Airport,KTI,VDTI,KH-0002,KH,Cambodia,KH-8,Phnom Penh (Boeng Khyang),Phnom Penh (Boeng Khyang),11.359987,104.921272,large_airport,yes,https://davidmegginson.github.io/ourairports-data/airports.csv
Tinson Pen Airport,Tinson Pen Airport,KTP,MKTP,MKTP,JM,Jamaica,JM-02,Tinson Pen,Tinson Pen,17.98859977722168,-76.82379913330078,medium_airport,yes,https://davidmegginson.github.io/ourairports-data/airports.csv
Kulusuk Airport,Kulusuk Airport,KUS,BGKK,BGKK,GL,Greenland,GL-SE,Kulusuk,Kulusuk,65.573601,-37.1236,medium_airport,yes,https://davidmegginson.github.io/ourairports-data/airports.csv
Kavieng Airport,Kavieng Airport,KVG,AYKV,AYKV,PG,Papua New Guinea,PG-NIK,Kavieng,Kavieng,-2.57940006256,150.807998657,medium_airport,yes,https://davidmegginson.github.io/ourairports-data/airports.csv
Bucholz Army Air Field,Bucholz Army Air Field,KWA,PKWA,PKWA,MH,Marshall Islands,MH-KWA,Kwajalein,Kwajalein,8.720120429992676,167.73199462890625,medium_airport,yes,https://davidmegginson.github.io/ourairports-data/airports.csv
Kolwezi Airport,Kolwezi Airport,KWZ,FZQM,FZQM,CD,Democratic Republic of the Congo,CD-LU,Kolwezi,Kolwezi,-10.7659,25.505699,medium_airport,yes,https://davidmegginson.github.io/ourairports-data/airports.csv
Sangia Nibandera Airport,Sangia Nibandera Airport,KXB,WAWP,WAWP,ID,Indonesia,ID-SG,Kolaka,Kolaka,-4.338158,121.524047,medium_airport,yes,https://davidmegginson.github.io/ourairports-data/airports.csv
Kyaukpyu Airport,Kyaukpyu Airport,KYP,VYKP,VYKP,MM,Myanmar,MM-16,Kyaukpyu,Kyaukpyu,19.42639923095703,93.53479766845703,medium_airport,yes,https://davidmegginson.github.io/ourairports-data/airports.csv
Kayes Dag Dag Airport,Kayes Dag Dag Airport,KYS,GAKD,GAKY,ML,Mali,ML-1,Kayes,Kayes,14.482521,-11.399335,medium_airport,yes,https://davidmegginson.github.io/ourairports-data/airports.csv
Nadzab Tomodachi International Airport,Nadzab Tomodachi International Airport,LAE,AYNZ,AYNZ,PG,Papua New Guinea,PG-MPL,Lae,Lae,-6.567995,146.726544,large_airport,yes,https://davidmegginson.github.io/ourairports-data/airports.csv
Al Abraq International Airport,Al Abraq International Airport,LAQ,HLLQ,HLLQ,LY,Libya,LY-JA,Al Albraq,Al Albraq,32.789036,21.954864,large_airport,yes,https://davidmegginson.github.io/ourairports-data/airports.csv
Manda Airport,Manda Airport,LAU,HKLU,HKLU,KE,Kenya,KE-05,Lamu,Lamu,-2.252431,40.912892,medium_airport,yes,https://davidmegginson.github.io/ourairports-data/airports.csv
Khujand International Airport,Khujand International Airport,LBD,UTDL,UTDL,TJ,Tajikistan,TJ-SU,Khujand,Khujand,40.215401,69.694702,large_airport,yes,https://davidmegginson.github.io/ourairports-data/airports.csv
Labasa Airport,Labasa Airport,LBS,NFNL,NFNL,FJ,Fiji,FJ-N,Labasa,Labasa,-16.4667,179.339996,medium_airport,yes,https://davidmegginson.github.io/ourairports-data/airports.csv
Leinster Airport,Leinster Airport,LER,YLST,YLST,AU,Australia,AU-WA,,,-27.843299865722656,120.7030029296875,medium_airport,yes,https://davidmegginson.github.io/ourairports-data/airports.csv
Pirineus - la Seu d'Urgel Airport,Pirineus - la Seu d'Urgel Airport,LEU,LESU,LESU,ES,Spain,ES-CT,La Seu d'Urgell Pyrenees and Andorra,La Seu d'Urgell Pyrenees and Andorra,42.3386,1.40917,medium_airport,yes,https://davidmegginson.github.io/ourairports-data/airports.csv
Lamerd Airport,Lamerd Airport,LFM,OISR,OISR,IR,Iran,IR-07,Lamerd,Lamerd,27.3727,53.188801,medium_airport,yes,https://davidmegginson.github.io/ourairports-data/airports.csv
Deadman's Cay Airport,Deadman's Cay Airport,LGI,MYLD,MYLD,BS,Bahamas,BS-LI,Deadman's Cay,Deadman's Cay,23.1790008545,-75.09359741210001,medium_airport,yes,https://davidmegginson.github.io/ourairports-data/airports.csv
Lightning Ridge Airport,Lightning Ridge Airport,LHG,YLRD,YLRD,AU,Australia,AU-NSW,,,-29.452857,147.977146,medium_airport,yes,https://davidmegginson.github.io/ourairports-data/airports.csv
Lachin International Airport,Lachin International Airport,LHL,UBLC,UBLC,AZ,Azerbaijan,AZ-LAC,Lachin,Lachin,39.883787,46.363137,medium_airport,yes,https://davidmegginson.github.io/ourairports-data/airports.csv
Las Heras Airport,Las Heras Airport,LHS,SAVH,SAVH,AR,Argentina,AR-Z,Las Heras,Las Heras,-46.538517,-68.965323,medium_airport,yes,https://davidmegginson.github.io/ourairports-data/airports.csv
Limón International Airport,Limón International Airport,LIO,MRLM,MRLM,CR,Costa Rica,CR-L,Limón,Limón,9.95796,-83.022003,medium_airport,yes,https://davidmegginson.github.io/ourairports-data/airports.csv
Loikaw Airport,Loikaw Airport,LIW,VYLK,VYLK,MM,Myanmar,MM-12,Loikaw,Loikaw,19.691499710083008,97.21479797363281,medium_airport,yes,https://davidmegginson.github.io/ourairports-data/airports.csv
Luang Phabang International Airport,Luang Phabang International Airport,LPQ,VLLB,VLLB,LA,Laos,LA-LP,Luang Phabang,Luang Phabang,19.904273,102.167191,large_airport,yes,https://davidmegginson.github.io/ourairports-data/airports.csv
Lar Airport,Lar Airport,LRR,OISL,OISL,IR,Iran,IR-07,Lar,Lar,27.6747,54.383301,medium_airport,yes,https://davidmegginson.github.io/ourairports-data/airports.csv
Lashio Airport,Lashio Airport,LSH,VYLS,VYLS,MM,Myanmar,MM-17,Lashio,Lashio,22.9778995513916,97.752197265625,medium_airport,yes,https://davidmegginson.github.io/ourairports-data/airports.csv
Josefa Camejo International Airport,Josefa Camejo International Airport,LSP,SVJC,SVJC,VE,Venezuela,VE-I,Paraguaná,Paraguaná,11.780775,-70.151497,medium_airport,yes,https://davidmegginson.github.io/ourairports-data/airports.csv
Alas Leuser Airport,Alas Leuser Airport,LSR,,WIMU,ID,Indonesia,ID-AC,Kutacane,Kutacane,3.391456,97.863726,medium_airport,yes,https://davidmegginson.github.io/ourairports-data/airports.csv
Ghadames Airport,Ghadames Airport,LTD,HLTD,HLTD,LY,Libya,LY-NL,Ghadames,Ghadames,30.145484,9.702095,medium_airport,yes,https://davidmegginson.github.io/ourairports-data/airports.csv
Altai Airport,Altai Airport,LTI,ZMAT,ZMAT,MN,Mongolia,MN-065,Altai,Altai,46.376399993896484,96.22109985351562,medium_airport,yes,https://davidmegginson.github.io/ourairports-data/airports.csv
Latakia International Airport,Latakia International Airport,LTK,OSLK,OSLK,SY,Syria,SY-LA,Latakia,Latakia,35.4011,35.9487,medium_airport,yes,https://davidmegginson.github.io/ourairports-data/airports.csv
Lethem Airport,Lethem Airport,LTM,SYLT,SYLT,GY,Guyana,GY-UT,Lethem,Lethem,3.37276,-59.789398,medium_airport,yes,https://davidmegginson.github.io/ourairports-data/airports.csv
Murod Kond Airport,Murod Kond Airport,LTU,VALT,VALT,IN,India,IN-MM,Latur,Latur,18.411501,76.464699,medium_airport,yes,https://davidmegginson.github.io/ourairports-data/airports.csv
Cotopaxi International Airport,Cotopaxi International Airport,LTX,,SELT,EC,Ecuador,EC-X,Latacunga,Latacunga,-0.906833,-78.615799,medium_airport,yes,https://davidmegginson.github.io/ourairports-data/airports.csv
Karel Sadsuitubun Airport,Karel Sadsuitubun Airport,LUV,WAPF,WAPF,ID,Indonesia,ID-MA,Langgur,Langgur,-5.760278,132.759444,medium_airport,yes,https://davidmegginson.github.io/ourairports-data/airports.csv
Harry Mwanga Nkumbula International Airport,Harry Mwanga Nkumbula International Airport,LVI,FLHN,FLLI,ZM,Zambia,ZM-07,Livingstone,Livingstone,-17.821524,25.819642,large_airport,yes,https://davidmegginson.github.io/ourairports-data/airports.csv
Faisalabad International Airport,Faisalabad International Airport,LYP,OPFA,OPFA,PK,Pakistan,PK-PB,Faisalabad,Faisalabad,31.364923,72.995319,large_airport,yes,https://davidmegginson.github.io/ourairports-data/airports.csv
Madang Airport,Madang Airport,MAG,AYMD,AYMD,PG,Papua New Guinea,PG-MPM,Madang,Madang,-5.20707988739,145.789001465,medium_airport,yes,https://davidmegginson.github.io/ourairports-data/airports.csv
Marshall Islands International Airport,Marshall Islands International Airport,MAJ,PKMJ,PKMJ,MH,Marshall Islands,MH-MAJ,Majuro Atoll,Majuro Atoll,7.06511,171.271656,large_airport,yes,https://davidmegginson.github.io/ourairports-data/airports.csv
Malakal International Airport,Malakal International Airport,MAK,HSSM,HSSM,SS,South Sudan,SS-NU,Malakal,Malakal,9.558739,31.651937,medium_airport,yes,https://davidmegginson.github.io/ourairports-data/airports.csv
La Chinita International Airport,La Chinita International Airport,MAR,SVMC,SVMC,VE,Venezuela,VE-V,Maracaibo,Maracaibo,10.557542,-71.729307,large_airport,yes,https://davidmegginson.github.io/ourairports-data/airports.csv
Momote Airport,Momote Airport,MAS,AYMO,AYMO,PG,Papua New Guinea,PG-MRL,Manus Island,Manus Island,-2.06189,147.423996,medium_airport,yes,https://davidmegginson.github.io/ourairports-data/airports.csv
Mmabatho International Airport,Mmabatho International Airport,MBD,FAMM,FAMM,ZA,South Africa,ZA-NW,Mafeking,Mafeking,-25.798400878900004,25.548000335699996,medium_airport,yes,https://davidmegginson.github.io/ourairports-data/airports.csv
Songwe Airport,Songwe Airport,MBI,HTGW,HTGW,TZ,Tanzania,TZ-14,Mbeya,Mbeya,-8.919942,33.273981,medium_airport,yes,https://davidmegginson.github.io/ourairports-data/airports.csv
Mbandaka Airport,Mbandaka Airport,MDK,FZEA,FZEA,CD,Democratic Republic of the Congo,CD-EQ,Mbandaka,Mbandaka,0.0226000007242,18.2887001038,medium_airport,yes,https://davidmegginson.github.io/ourairports-data/airports.csv
Mandalay International Airport,Mandalay International Airport,MDL,VYMD,VYMD,MM,Myanmar,MM-04,Mandalay,Mandalay,21.702199935913086,95.97789764404297,large_airport,yes,https://davidmegginson.github.io/ourairports-data/airports.csv
Mendi Airport,Mendi Airport,MDU,AYMN,AYMN,PG,Papua New Guinea,PG-SHM,Mendi,Mendi,-6.14774,143.656998,medium_airport,yes,https://davidmegginson.github.io/ourairports-data/airports.csv
Malanje Airport,Malanje Airport,MEG,FNMA,FNMA,AO,Angola,AO-MAL,Malanje,Malanje,-9.525090217590332,16.312400817871094,medium_airport,yes,https://davidmegginson.github.io/ourairports-data/airports.csv
Cut Nyak Dhien Airport,Cut Nyak Dhien Airport,MEQ,WITC,WITC,ID,Indonesia,ID-AC,Kuala Pesisir,Kuala Pesisir,4.040998,96.253312,medium_airport,yes,https://davidmegginson.github.io/ourairports-data/airports.csv
Mfuwe International Airport,Mfuwe International Airport,MFU,FLMF,FLMF,ZM,Zambia,ZM-03,Mfuwe,Mfuwe,-13.2589,31.9366,large_airport,yes,https://davidmegginson.github.io/ourairports-data/airports.csv
Margate Airport,Margate Airport,MGH,FAMG,FAMG,ZA,South Africa,ZA-NL,Margate,Margate,-30.8574008942,30.343000412,medium_airport,yes,https://davidmegginson.github.io/ourairports-data/airports.csv
Aden Adde International Airport,Aden Adde International Airport,MGQ,HCMM,HCMM,SO,Somalia,SO-BN,Mogadishu,Mogadishu,2.01444,45.304699,large_airport,yes,https://davidmegginson.github.io/ourairports-data/airports.csv
Myeik Airport,Myeik Airport,MGZ,VYME,VYME,MM,Myanmar,MM-05,Mkeik,Mkeik,12.439800262451172,98.62149810791016,medium_airport,yes,https://davidmegginson.github.io/ourairports-data/airports.csv
Leonard M. Thompson International Airport,Leonard M. Thompson International Airport,MHH,MYAM,MYAM,BS,Bahamas,BS-CO,Marsh Harbour,Marsh Harbour,26.510711,-77.084262,medium_airport,yes,https://davidmegginson.github.io/ourairports-data/airports.csv
Mount Hotham Airport,Mount Hotham Airport,MHU,YHOT,YHOT,AU,Australia,AU-VIC,Mount Hotham,Mount Hotham,-37.0475006104,147.333999634,medium_airport,yes,https://davidmegginson.github.io/ourairports-data/airports.csv
Mitiga International Airport,Mitiga International Airport,MJI,HLLM,HLLM,LY,Libya,LY-TB,Tripoli,Tripoli,32.89177,13.287878,large_airport,yes,https://davidmegginson.github.io/ourairports-data/airports.csv
Shark Bay Airport,Shark Bay Airport,MJK,YSHK,YSHK,AU,Australia,AU-WA,Denham,Denham,-25.897294,113.575802,medium_airport,yes,https://davidmegginson.github.io/ourairports-data/airports.csv
Mbuji Mayi Airport,Mbuji Mayi Airport,MJM,FZWA,FZWA,CD,Democratic Republic of the Congo,CD-KE,Mbuji Mayi,Mbuji Mayi,-6.121240139010001,23.569000244099996,medium_airport,yes,https://davidmegginson.github.io/ourairports-data/airports.csv
Meekatharra Airport,Meekatharra Airport,MKR,YMEK,YMEK,AU,Australia,AU-WA,,,-26.6117000579834,118.5479965209961,medium_airport,yes,https://davidmegginson.github.io/ourairports-data/airports.csv
Makokou Airport,Makokou Airport,MKU,FOOK,FOOK,GA,Gabon,GA-6,Makokou,Makokou,0.5792109966278076,12.890899658203125,medium_airport,yes,https://davidmegginson.github.io/ourairports-data/airports.csv
Velana International Airport,Velana International Airport,MLE,VRMM,VRMM,MV,Maldives,MV-MLE,Malé,Malé,4.19183,73.529099,large_airport,yes,https://davidmegginson.github.io/ourairports-data/airports.csv
Spriggs Payne Airport,Spriggs Payne Airport,MLW,GLMR,GLMR,LR,Liberia,LR-MO,Monrovia,Monrovia,6.28906,-10.7587,medium_airport,yes,https://davidmegginson.github.io/ourairports-data/airports.csv
Maymana Zahiraddin Faryabi Airport,Maymana Zahiraddin Faryabi Airport,MMZ,OAMN,OAMN,AF,Afghanistan,AF-FYB,Maymana,Maymana,35.930801,64.760902,medium_airport,yes,https://davidmegginson.github.io/ourairports-data/airports.csv
Nacala International Airport,Nacala International Airport,MNC,FQNC,FQNC,MZ,Mozambique,MZ-N,Nacala,Nacala,-14.4882,40.7122,medium_airport,yes,https://davidmegginson.github.io/ourairports-data/airports.csv
Mananjary Airport,Mananjary Airport,MNJ,FMSM,FMSM,MG,Madagascar,MG-F,Mananjary,Mananjary,-21.201799,48.358299,medium_airport,yes,https://davidmegginson.github.io/ourairports-data/airports.csv
Mong Hsat Airport,Mong Hsat Airport,MOG,VYMS,VYMS,MM,Myanmar,MM-17,Mong Hsat,Mong Hsat,20.516799926757812,99.25679779052734,medium_airport,yes,https://davidmegginson.github.io/ourairports-data/airports.csv
Mount Pleasant Airport / RAF Mount Pleasant,Mount Pleasant Airport / RAF Mount Pleasant,MPN,EGYP,EGYP,FK,Falkland Islands,FK-U-A,Mount Pleasant,Mount Pleasant,-51.822642,-58.445777,large_airport,yes,https://davidmegginson.github.io/ourairports-data/airports.csv
Mariupol International Airport,Mariupol International Airport,MPW,UKCM,UKCM,UA,Ukraine,UA-14,Mariupol,Mariupol,47.07609939575195,37.44960021972656,medium_airport,yes,https://davidmegginson.github.io/ourairports-data/airports.csv
Kruger Mpumalanga International Airport,Kruger Mpumalanga International Airport,MQP,FAKN,FAKN,ZA,South Africa,ZA-MP,Mbombela,Mbombela,-25.383327,31.105325,large_airport,yes,https://davidmegginson.github.io/ourairports-data/airports.csv
Mustique Airport,Mustique Airport,MQS,TVSM,TVSM,VC,Saint Vincent and the Grenadines,VC-06,Lovell,Lovell,12.8879,-61.180199,medium_airport,yes,https://davidmegginson.github.io/ourairports-data/airports.csv
Mekele Alula Aba Nega Airport,Mekele Alula Aba Nega Airport,MQX,HAMK,HAMK,ET,Ethiopia,ET-TI,Mekele,Mekele,13.4674,39.533501,medium_airport,yes,https://davidmegginson.github.io/ourairports-data/airports.csv
Mara Serena Lodge Airstrip,Mara Serena Lodge Airstrip,MRE,HKMS,HKMS,KE,Kenya,KE-33,Serena,Serena,-1.404588,35.008349,medium_airport,yes,https://davidmegginson.github.io/ourairports-data/airports.csv
Mahshahr Airport,Mahshahr Airport,MRX,OIAM,OIAM,IR,Iran,IR-06,Mahshahr,Mahshahr,30.5562,49.151901,medium_airport,yes,https://davidmegginson.github.io/ourairports-data/airports.csv
Moshoeshoe I International Airport,Moshoeshoe I International Airport,MSU,FXMM,FXMM,LS,Lesotho,LS-A,Maseru(Mazenod),Maseru(Mazenod),-29.456277,27.554456,large_airport,yes,https://davidmegginson.github.io/ourairports-data/airports.csv
Welwitschia Mirabilis International Airport,Welwitschia Mirabilis International Airport,MSZ,FNMO,FNMO,AO,Angola,AO-NAM,Moçâmedes,Moçâmedes,-15.2612,12.1468,medium_airport,yes,https://davidmegginson.github.io/ourairports-data/airports.csv
Munda Airport,Munda Airport,MUA,AGGM,AGGM,SB,Solomon Islands,SB-WE,Munda,Munda,-8.32797,157.263,medium_airport,yes,https://davidmegginson.github.io/ourairports-data/airports.csv
José Tadeo Monagas International Airport,José Tadeo Monagas International Airport,MUN,SVMT,SVMT,VE,Venezuela,VE-N,Maturín,Maturín,9.749023,-63.153348,medium_airport,yes,https://davidmegginson.github.io/ourairports-data/airports.csv
Marudi Airport,Marudi Airport,MUR,WBGM,WBGM,MY,Malaysia,MY-13,Marudi,Marudi,4.178734,114.330318,medium_airport,yes,https://davidmegginson.github.io/ourairports-data/airports.csv
Multan International Airport,Multan International Airport,MUX,OPMT,OPMT,PK,Pakistan,PK-PB,Multan,Multan,30.203199,71.419098,large_airport,yes,https://davidmegginson.github.io/ourairports-data/airports.csv
M'Vengue El Hadj Omar Bongo Ondimba International Airport,M'Vengue El Hadj Omar Bongo Ondimba International Airport,MVB,FOON,FOON,GA,Gabon,GA-2,Franceville,Franceville,-1.65616,13.438,medium_airport,yes,https://davidmegginson.github.io/ourairports-data/airports.csv
Mogilev Airport,Mogilev Airport,MVQ,UMOO,UMOO,BY,Belarus,BY-MA,Mogilev,Mogilev,53.954898834228516,30.09510040283203,medium_airport,yes,https://davidmegginson.github.io/ourairports-data/airports.csv
Mörön Airport,Mörön Airport,MXV,ZMMN,ZMMN,MN,Mongolia,MN-041,Mörön,Mörön,49.663677,100.100028,medium_airport,yes,https://davidmegginson.github.io/ourairports-data/airports.csv
Malindi International Airport,Malindi International Airport,MYD,HKML,HKML,KE,Kenya,KE-03,Malindi,Malindi,-3.22931,40.1017,medium_airport,yes,https://davidmegginson.github.io/ourairports-data/airports.csv
Mayaguana Airport,Mayaguana Airport,MYG,MYMM,MYMM,BS,Bahamas,BS-MG,Abraham Bay Settlement,Abraham Bay Settlement,22.379499,-73.013494,medium_airport,yes,https://davidmegginson.github.io/ourairports-data/airports.csv
Mary International Airport,Mary International Airport,MYP,UTAM,UTAM,TM,Turkmenistan,TM-M,Mary,Mary,37.62353,61.895668,medium_airport,yes,https://davidmegginson.github.io/ourairports-data/airports.csv
Myitkyina Airport,Myitkyina Airport,MYT,VYMK,VYMK,MM,Myanmar,MM-11,Myitkyina,Myitkyina,25.3836,97.351898,medium_airport,yes,https://davidmegginson.github.io/ourairports-data/airports.csv
Mopti Airport,Mopti Airport,MZI,GAMB,GAMB,ML,Mali,ML-5,Sévaré,Sévaré,14.5128,-4.07956,medium_airport,yes,https://davidmegginson.github.io/ourairports-data/airports.csv
Sierra Maestra International Airport,Sierra Maestra International Airport,MZO,MUMZ,MUMZ,CU,Cuba,CU-12,Manzanillo,Manzanillo,20.288605,-77.087545,medium_airport,yes,https://davidmegginson.github.io/ourairports-data/airports.csv
Mkuze Airport,Mkuze Airport,MZQ,FAMU,FAMU,ZA,South Africa,ZA-NL,Mkuze,Mkuze,-27.626101,32.0443,medium_airport,yes,https://davidmegginson.github.io/ourairports-data/airports.csv
Mazar-i-Sharif International Airport,Mazar-i-Sharif International Airport,MZR,OAMS,OAMS,AF,Afghanistan,AF-BAL,Mazar-i-Sharif,Mazar-i-Sharif,36.70412,67.210459,large_airport,yes,https://davidmegginson.github.io/ourairports-data/airports.csv
Moradabad Airport,Moradabad Airport,MZS,,VIMB,IN,India,IN-UP,Moradabad,Moradabad,28.81746,78.92187,medium_airport,yes,https://davidmegginson.github.io/ourairports-data/airports.csv
Naha Airport,Naha Airport,NAH,WAMH,WAMH,ID,Indonesia,ID-SA,"Tabukan Utara, Sangihe Islands","Tabukan Utara, Sangihe Islands",3.68478,125.527162,medium_airport,yes,https://davidmegginson.github.io/ourairports-data/airports.csv
Namniwel Airport,Namniwel Airport,NAM,WAPN,WAPN,ID,Indonesia,ID-MA,Namniwel,Namniwel,-3.143159,126.976469,medium_airport,yes,https://davidmegginson.github.io/ourairports-data/airports.csv
Nadi International Airport,Nadi International Airport,NAN,NFFN,NFFN,FJ,Fiji,FJ-W,Nadi,Nadi,-17.761822,177.437843,large_airport,yes,https://davidmegginson.github.io/ourairports-data/airports.csv
Qaanaaq Airport,Qaanaaq Airport,NAQ,BGQQ,BGQQ,GL,Greenland,GL-AV,Qaanaaq,Qaanaaq,77.488602,-69.388702,medium_airport,yes,https://davidmegginson.github.io/ourairports-data/airports.csv
Dr. Antonio Agostinho Neto International Airport,Dr. Antonio Agostinho Neto International Airport,NBJ,FNBJ,FNBJ,AO,Angola,AO-LUA,Luanda (Ícolo e Bengo),Luanda (Ícolo e Bengo),-9.050734,13.499078,large_airport,yes,https://davidmegginson.github.io/ourairports-data/airports.csv
North Caicos Airport,North Caicos Airport,NCA,MBNC,MBNC,TC,Turks and Caicos Islands,TC-NC,North Caicos,North Caicos,21.916094,-71.942954,medium_airport,yes,https://davidmegginson.github.io/ourairports-data/airports.csv
Nouadhibou International Airport,Nouadhibou International Airport,NDB,GQPP,GQPP,MR,Mauritania,MR-08,Nouadhibou,Nouadhibou,20.932404,-17.030199,large_airport,yes,https://davidmegginson.github.io/ourairports-data/airports.csv
Necochea Airport,Necochea Airport,NEC,SAZO,SAZO,AR,Argentina,AR-B,Necochea,Necochea,-38.490746,-58.816337,medium_airport,yes,https://davidmegginson.github.io/ourairports-data/airports.csv
Vance W. Amory International Airport,Vance W. Amory International Airport,NEV,TKPN,TKPN,KN,Saint Kitts and Nevis,KN-U-A,Charlestown,Charlestown,17.2057,-62.589901,medium_airport,yes,https://davidmegginson.github.io/ourairports-data/airports.csv
Nefteyugansk Airport,Nefteyugansk Airport,NFG,USRN,USRN,RU,Russia,RU-KHM,Nefteyugansk,Nefteyugansk,61.108299,72.650002,medium_airport,yes,https://davidmegginson.github.io/ourairports-data/airports.csv
Simon Mwansa Kapwepwe International Airport,Simon Mwansa Kapwepwe International Airport,NLA,FLSK,FLSK,ZM,Zambia,ZM-08,Ndola,Ndola,-12.96513,28.515624,large_airport,yes,https://davidmegginson.github.io/ourairports-data/airports.csv
Maafaru International Airport,Maafaru International Airport,NMF,,VRDA,MV,Maldives,MV-25,Noonu Atoll,Noonu Atoll,5.817407,73.468404,large_airport,yes,https://davidmegginson.github.io/ourairports-data/airports.csv
Navi Mumbai International Airport,Navi Mumbai International Airport,NMI,VANM,IN-0276,IN,India,IN-MM,Navi Mumbai,Navi Mumbai,18.984597,73.065253,large_airport,yes,https://davidmegginson.github.io/ourairports-data/airports.csv
Nosara Airport,Nosara Airport,NOB,MRNS,MRNS,CR,Costa Rica,CR-G,Nicoya,Nicoya,9.976490020750001,-85.65299987790002,medium_airport,yes,https://davidmegginson.github.io/ourairports-data/airports.csv
Albano Machado Airport,Albano Machado Airport,NOV,FNHU,FNHU,AO,Angola,AO-HUA,Huambo,Huambo,-12.8089,15.7605,medium_airport,yes,https://davidmegginson.github.io/ourairports-data/airports.csv
Nanga Pinoh Airport,Nanga Pinoh Airport,NPO,WIOG,WIOG,ID,Indonesia,ID-KB,Nanga Pinoh-Borneo Island,Nanga Pinoh-Borneo Island,-0.34864,111.746155,medium_airport,yes,https://davidmegginson.github.io/ourairports-data/airports.csv
Nowshahr Airport,Nowshahr Airport,NSH,OINN,OINN,IR,Iran,IR-02,Nowshahr,Nowshahr,36.664286,51.46273,medium_airport,yes,https://davidmegginson.github.io/ourairports-data/airports.csv
Normanton Airport,Normanton Airport,NTN,YNTN,YNTN,AU,Australia,AU-QLD,Normanton,Normanton,-17.68409,141.069664,medium_airport,yes,https://davidmegginson.github.io/ourairports-data/airports.csv
Ranai Airport,Ranai Airport,NTX,,WION,ID,Indonesia,ID-KR,Ranai-Natuna Besar Island,Ranai-Natuna Besar Island,3.90871,108.388,medium_airport,yes,https://davidmegginson.github.io/ourairports-data/airports.csv
Sunyani Airport,Sunyani Airport,NYI,DGSN,DGSN,GH,Ghana,GH-BO,Sunyani,Sunyani,7.36183,-2.32876,medium_airport,yes,https://davidmegginson.github.io/ourairports-data/airports.csv
Nanyuki Civil Airport,Nanyuki Civil Airport,NYK,HKNL,HKNL,KE,Kenya,KE-19,Gathiuru,Gathiuru,-0.062352,37.041296,medium_airport,yes,https://davidmegginson.github.io/ourairports-data/airports.csv
Nay Pyi Taw International Airport,Nay Pyi Taw International Airport,NYT,VYNT,VYNT,MM,Myanmar,MM-04,Naypyitaw,Naypyitaw,19.623501,96.200996,large_airport,yes,https://davidmegginson.github.io/ourairports-data/airports.csv
Ian Fleming International Airport,Ian Fleming International Airport,OCJ,MKBS,MKBS,JM,Jamaica,JM-05,Boscobel,Boscobel,18.404079,-76.969754,medium_airport,yes,https://davidmegginson.github.io/ourairports-data/airports.csv
Corisco International Airport,Corisco International Airport,OCS,FGCO,OCS,GQ,Equatorial Guinea,GQ-LI,Corisco Island,Corisco Island,0.910937,9.33027,large_airport,yes,https://davidmegginson.github.io/ourairports-data/airports.csv
Oecusse Route of the Sandalwood International Airport,Oecusse Route of the Sandalwood International Airport,OEC,WPOC,WPOC,TL,Timor-Leste,TL-OE,Oecussi-Ambeno,Oecussi-Ambeno,-9.198419,124.337873,large_airport,yes,https://davidmegginson.github.io/ourairports-data/airports.csv
Eugene F. Correia International Airport,Eugene F. Correia International Airport,OGL,SYEC,SYGO,GY,Guyana,GY-DE,Ogle,Ogle,6.805881,-58.107657,medium_airport,yes,https://davidmegginson.github.io/ourairports-data/airports.csv
Ain Beida Airport,Ain Beida Airport,OGX,DAUU,DAUU,DZ,Algeria,DZ-30,Ouargla,Ouargla,31.9172,5.41278,medium_airport,yes,https://davidmegginson.github.io/ourairports-data/airports.csv
Oksibil Airport,Oksibil Airport,OKL,WAJO,WAJO,ID,Indonesia,ID-PP,Oksibil,Oksibil,-4.9071,140.6277,medium_airport,yes,https://davidmegginson.github.io/ourairports-data/airports.csv
Oakey Army Aviation Centre,Oakey Army Aviation Centre,OKY,YBOK,YBOK,AU,Australia,AU-QLD,,,-27.409262,151.736727,medium_airport,yes,https://davidmegginson.github.io/ourairports-data/airports.csv
Oranjemund Airport,Oranjemund Airport,OMD,FYOG,FYOG,NA,Namibia,NA-KA,Oranjemund,Oranjemund,-28.585318,16.44638,medium_airport,yes,https://davidmegginson.github.io/ourairports-data/airports.csv
Zomin Airport,Zomin Airport,OMN,UZTZ,UTTZ,UZ,Uzbekistan,UZ-JI,Zomin,Zomin,40.01402,68.41103,medium_airport,yes,https://davidmegginson.github.io/ourairports-data/airports.csv
Enrique Adolfo Jimenez Airport,Enrique Adolfo Jimenez Airport,ONX,MPEJ,MPEJ,PA,Panama,PA-3,Colón,Colón,9.35664,-79.867401,medium_airport,yes,https://davidmegginson.github.io/ourairports-data/airports.csv
Balimo Airport,Balimo Airport,OPU,AYBM,AYBM,PG,Papua New Guinea,PG-WPD,Balimo,Balimo,-8.05000019073,142.932998657,medium_airport,yes,https://davidmegginson.github.io/ourairports-data/airports.csv
Northway Airport,Northway Airport,ORT,PAOR,PAOR,US,United States,US-AK,Northway,Northway,62.9613,-141.929001,medium_airport,yes,https://davidmegginson.github.io/ourairports-data/airports.csv
Juan Mendoza International Airport,Juan Mendoza International Airport,ORU,SLOR,SLOR,BO,Bolivia,BO-O,Oruro,Oruro,-17.956151,-67.075829,large_airport,yes,https://davidmegginson.github.io/ourairports-data/airports.csv
Tazadit Airport,Tazadit Airport,OUZ,GQPZ,GQPZ,MR,Mauritania,MR-11,Zouérate,Zouérate,22.757345,-12.482228,medium_airport,yes,https://davidmegginson.github.io/ourairports-data/airports.csv
Oyem Airport,Oyem Airport,OYE,FOGO,FOGO,GA,Gabon,GA-9,Oyem,Oyem,1.5431100130081177,11.581399917602539,medium_airport,yes,https://davidmegginson.github.io/ourairports-data/airports.csv
Paro International Airport,Paro International Airport,PBH,VQPR,VQPR,BT,Bhutan,BT-11,Paro,Paro,27.4032,89.424599,large_airport,yes,https://davidmegginson.github.io/ourairports-data/airports.csv
Putao Airport,Putao Airport,PBU,VYPT,VYPT,MM,Myanmar,MM-11,Putao,Putao,27.32990074157715,97.42630004882812,medium_airport,yes,https://davidmegginson.github.io/ourairports-data/airports.csv
Principe Airport,Principe Airport,PCP,FPPR,FPPR,ST,São Tomé and Principe,ST-P,São Tomé & Príncipe,São Tomé & Príncipe,1.661155,7.411081,medium_airport,yes,https://davidmegginson.github.io/ourairports-data/airports.csv
Pendopo Airport,Pendopo Airport,PDO,WIPQ,WIPQ,ID,Indonesia,ID-SS,Talang Gudang-Sumatra Island,Talang Gudang-Sumatra Island,-3.2860701084136963,103.87999725341797,medium_airport,yes,https://davidmegginson.github.io/ourairports-data/airports.csv
Bacha Khan International Airport,Bacha Khan International Airport,PEW,OPPS,OPPS,PK,Pakistan,PK-KP,Peshawar,Peshawar,33.9939,71.514603,large_airport,yes,https://davidmegginson.github.io/ourairports-data/airports.csv
Port Harcourt City Airport / Port Harcourt Air Force Base,Port Harcourt City Airport / Port Harcourt Air Force Base,PHG,DNPM,NG-0004,NG,Nigeria,NG-RI,Port Harcourt,Port Harcourt,4.846111,7.021389,medium_airport,yes,https://davidmegginson.github.io/ourairports-data/airports.csv
Pokhara International Airport,Pokhara International Airport,PHH,,NP-0003,NP,Nepal,NP-P4,Pokhara,Pokhara,28.1838,84.0147,large_airport,yes,https://davidmegginson.github.io/ourairports-data/airports.csv
Hendrik Van Eck Airport,Hendrik Van Eck Airport,PHW,FAPH,FAPH,ZA,South Africa,ZA-NP,Phalaborwa,Phalaborwa,-23.937200546299998,31.1553993225,medium_airport,yes,https://davidmegginson.github.io/ourairports-data/airports.csv
Pakse International Airport,Pakse International Airport,PKZ,VLPS,VLPS,LA,Laos,LA-CH,Pakse,Pakse,15.133973,105.779871,large_airport,yes,https://davidmegginson.github.io/ourairports-data/airports.csv
Placencia Airport,Placencia Airport,PLJ,MZPL,MZPL,BZ,Belize,BZ-SC,Placencia,Placencia,16.536957,-88.361511,medium_airport,yes,https://davidmegginson.github.io/ourairports-data/airports.csv
Providenciales International Airport,Providenciales International Airport,PLS,MBPV,MBPV,TC,Turks and Caicos Islands,TC-PR,Providenciales,Providenciales,21.773697,-72.268321,large_airport,yes,https://davidmegginson.github.io/ourairports-data/airports.csv
Perito Moreno Jalil Hamer Airport,Perito Moreno Jalil Hamer Airport,PMQ,SAWP,SAWP,AR,Argentina,AR-Z,Perito Moreno,Perito Moreno,-46.537899,-70.978699,medium_airport,yes,https://davidmegginson.github.io/ourairports-data/airports.csv
Del Caribe Santiago Mariño International Airport,Del Caribe Santiago Mariño International Airport,PMV,SVMG,SVMG,VE,Venezuela,VE-O,Isla Margarita,Isla Margarita,10.912603,-63.966599,large_airport,yes,https://davidmegginson.github.io/ourairports-data/airports.csv
Pohnpei International Airport,Pohnpei International Airport,PNI,PTPN,PTPN,FM,Micronesia,FM-PNI,Pohnpei Island,Pohnpei Island,6.985082,158.20992,medium_airport,yes,https://davidmegginson.github.io/ourairports-data/airports.csv
Girua Airport,Girua Airport,PNP,AYGR,AYGR,PG,Papua New Guinea,PG-NPP,Popondetta,Popondetta,-8.80453968048,148.309005737,medium_airport,yes,https://davidmegginson.github.io/ourairports-data/airports.csv
Port Moresby Jacksons International Airport,Port Moresby Jacksons International Airport,POM,AYPY,AYPY,PG,Papua New Guinea,PG-NCD,Port Moresby,Port Moresby,-9.443380355834961,147.22000122070312,large_airport,yes,https://davidmegginson.github.io/ourairports-data/airports.csv
Praslin Island Airport,Praslin Island Airport,PRI,FSPP,FSPP,SC,Seychelles,SC-14,Praslin Island,Praslin Island,-4.319256,55.691561,medium_airport,yes,https://davidmegginson.github.io/ourairports-data/airports.csv
Pangsuma Airport,Pangsuma Airport,PSU,WIOP,WIOP,ID,Indonesia,ID-KB,Putussibau-Borneo Island,Putussibau-Borneo Island,0.834579,112.940217,medium_airport,yes,https://davidmegginson.github.io/ourairports-data/airports.csv
Capitán Av. Salvador Ogaya G. airport,Capitán Av. Salvador Ogaya G. airport,PSZ,SLPS,SLPS,BO,Bolivia,BO-S,Puerto Suárez,Puerto Suárez,-18.975301,-57.820599,medium_airport,yes,https://davidmegginson.github.io/ourairports-data/airports.csv
Polokwane International Airport,Polokwane International Airport,PTG,FAPP,FAPP,ZA,South Africa,ZA-NP,Polokwane,Polokwane,-23.845269,29.458615,large_airport,yes,https://davidmegginson.github.io/ourairports-data/airports.csv
Portland Airport,Portland Airport,PTJ,YPOD,YPOD,AU,Australia,AU-VIC,,,-38.31809997558594,141.4709930419922,medium_airport,yes,https://davidmegginson.github.io/ourairports-data/airports.csv
Puerto Deseado Airport,Puerto Deseado Airport,PUD,SAWD,SAWD,AR,Argentina,AR-Z,Puerto Deseado,Puerto Deseado,-47.7353,-65.9041,medium_airport,yes,https://davidmegginson.github.io/ourairports-data/airports.csv
Port Augusta Airport,Port Augusta Airport,PUG,YPAG,YPAG,AU,Australia,AU-SA,,,-32.506900787353516,137.7169952392578,medium_airport,yes,https://davidmegginson.github.io/ourairports-data/airports.csv
Surin Airport,Surin Airport,PXR,VTUJ,VTUJ,TH,Thailand,TH-32,Surin,Surin,14.868300437927,103.49800109863,medium_airport,yes,https://davidmegginson.github.io/ourairports-data/airports.csv
Payam International Airport,Payam International Airport,PYK,OIIP,OIIP,IR,Iran,IR-30,Karaj,Karaj,35.7761,50.826698,large_airport,yes,https://davidmegginson.github.io/ourairports-data/airports.csv
Pietermaritzburg Airport,Pietermaritzburg Airport,PZB,FAPM,FAPM,ZA,South Africa,ZA-NL,Pietermaritzburg,Pietermaritzburg,-29.649000167799997,30.3987007141,medium_airport,yes,https://davidmegginson.github.io/ourairports-data/airports.csv
Zhob Airport,Zhob Airport,PZH,OPZB,OPZB,PK,Pakistan,PK-BA,Fort Sandeman,Fort Sandeman,31.358400344848633,69.4636001586914,medium_airport,yes,https://davidmegginson.github.io/ourairports-data/airports.csv
General Manuel Carlos Piar International Airport,General Manuel Carlos Piar International Airport,PZO,SVPR,SVPR,VE,Venezuela,VE-F,Guyana City,Guyana City,8.28853,-62.760399,large_airport,yes,https://davidmegginson.github.io/ourairports-data/airports.csv
Port Sudan New International Airport,Port Sudan New International Airport,PZU,HSPN,HSPN,SD,Sudan,SD-26,Port Sudan,Port Sudan,19.434558,37.234125,large_airport,yes,https://davidmegginson.github.io/ourairports-data/airports.csv
Bella Coola Airport,Bella Coola Airport,QBC,CYBD,CYBD,CA,Canada,CA-BC,Bella Coola,Bella Coola,52.387501,-126.596001,medium_airport,yes,https://davidmegginson.github.io/ourairports-data/airports.csv
Akwa Ibom International Airport,Akwa Ibom International Airport,QUO,DNAI,DNAI,NG,Nigeria,NG-AK,Uyo,Uyo,4.8725,8.093,medium_airport,yes,https://davidmegginson.github.io/ourairports-data/airports.csv
Tokua Airport,Tokua Airport,RAB,AYTK,AYTK,PG,Papua New Guinea,PG-EBR,Kokopo,Kokopo,-4.34046,152.380005,medium_airport,yes,https://davidmegginson.github.io/ourairports-data/airports.csv
Rarotonga International Airport,Rarotonga International Airport,RAR,NCRG,NCRG,CK,Cook Islands,CK-U-A,Avarua,Avarua,-21.2027,-159.806,large_airport,yes,https://davidmegginson.github.io/ourairports-data/airports.csv
Richards Bay Airport,Richards Bay Airport,RCB,FARB,FARB,ZA,South Africa,ZA-NL,Richards Bay,Richards Bay,-28.740999221800003,32.0920982361,medium_airport,yes,https://davidmegginson.github.io/ourairports-data/airports.csv
"Rewa Airport, Chorhata, REWA","Rewa Airport, Chorhata, REWA",REW,,VA1G,IN,India,IN-MP,Rewa,Rewa,24.503401,81.220299,medium_airport,yes,https://davidmegginson.github.io/ourairports-data/airports.csv
Yangon International Airport,Yangon International Airport,RGN,VYYY,VYYY,MM,Myanmar,MM-06,Yangon,Yangon,16.907300949099998,96.1332015991,large_airport,yes,https://davidmegginson.github.io/ourairports-data/airports.csv
Orang (Chongjin) Airport,Orang (Chongjin) Airport,RGO,ZKHM,ZKHM,KP,North Korea,KP-09,Hoemun-ri,Hoemun-ri,41.428538,129.647555,medium_airport,yes,https://davidmegginson.github.io/ourairports-data/airports.csv
Capitán Av. Selin Zeitun Lopez Airport,Capitán Av. Selin Zeitun Lopez Airport,RIB,SLRI,SLRI,BO,Bolivia,BO-B,Riberalta,Riberalta,-11.009355,-66.075468,medium_airport,yes,https://davidmegginson.github.io/ourairports-data/airports.csv
Riyan International Airport,Riyan International Airport,RIY,OYRN,OYRN,YE,Yemen,YE-HD,Mukalla(Riyan),Mukalla(Riyan),14.662241,49.375289,large_airport,yes,https://davidmegginson.github.io/ourairports-data/airports.csv
Rafsanjan Airport,Rafsanjan Airport,RJN,OIKR,OIKR,IR,Iran,IR-08,Rafsanjan,Rafsanjan,30.298345,56.048979,medium_airport,yes,https://davidmegginson.github.io/ourairports-data/airports.csv
Ras Al Khaimah International Airport,Ras Al Khaimah International Airport,RKT,OMRK,OMRK,AE,United Arab Emirates,AE-RK,Ras Al Khaimah,Ras Al Khaimah,25.613501,55.938801,large_airport,yes,https://davidmegginson.github.io/ourairports-data/airports.csv
Colombo Ratmalana International Airport,Colombo Ratmalana International Airport,RML,VCCC,VCCC,LK,Sri Lanka,LK-1,Colombo,Colombo,6.821638,79.885859,large_airport,yes,https://davidmegginson.github.io/ourairports-data/airports.csv
Tobolsk Remezov Airport,Tobolsk Remezov Airport,RMZ,,USTJ,RU,Russia,RU-TYU,Tobolsk,Tobolsk,58.059712,68.347997,medium_airport,yes,https://davidmegginson.github.io/ourairports-data/airports.csv
Sir Charles Gaetan Duval Airport,Sir Charles Gaetan Duval Airport,RRG,FIMR,FIMR,MU,Mauritius,MU-RO,Port Mathurin,Port Mathurin,-19.756696,63.359326,medium_airport,yes,https://davidmegginson.github.io/ourairports-data/airports.csv
Rock Sound International Airport,Rock Sound International Airport,RSD,MYER,MYER,BS,Bahamas,BS-SE,Rock Sound,Rock Sound,24.89165,-76.177602,medium_airport,yes,https://davidmegginson.github.io/ourairports-data/airports.csv
Red Sea International Airport,Red Sea International Airport,RSI,OERS,RSI,SA,Saudi Arabia,SA-07,Hanak,Hanak,25.627975,37.088914,large_airport,yes,https://davidmegginson.github.io/ourairports-data/airports.csv
Arua Airport,Arua Airport,RUA,HUAR,HUAR,UG,Uganda,UG-N,Arua,Arua,3.049152,30.911714,medium_airport,yes,https://davidmegginson.github.io/ourairports-data/airports.csv
Pres. Gral. Óscar D. Gestido Binational Airport,Pres. Gral. Óscar D. Gestido Binational Airport,RVY,SURV,SURV,UY,Uruguay,UY-RV,Rivera/Santana do Livramento,Rivera/Santana do Livramento,-30.9746,-55.4762,medium_airport,yes,https://davidmegginson.github.io/ourairports-data/airports.csv
Staroselye Airport,Staroselye Airport,RYB,UUBK,UUBK,RU,Russia,RU-YAR,Rybinsk,Rybinsk,58.104198,38.929401,medium_airport,yes,https://davidmegginson.github.io/ourairports-data/airports.csv
Shaikh Zaid Airport,Shaikh Zaid Airport,RYK,OPRK,OPRK,PK,Pakistan,PK-PB,Rahim Yar Khan,Rahim Yar Khan,28.383899688720703,70.27960205078125,medium_airport,yes,https://davidmegginson.github.io/ourairports-data/airports.csv
Ramsar Airport,Ramsar Airport,RZR,OINR,OINR,IR,Iran,IR-02,Ramsar,Ramsar,36.90701,50.687316,medium_airport,yes,https://davidmegginson.github.io/ourairports-data/airports.csv
Sanaa International Airport,Sanaa International Airport,SAH,OYSN,OYSN,YE,Yemen,YE-SA,Sanaa,Sanaa,15.4763,44.2197,large_airport,yes,https://davidmegginson.github.io/ourairports-data/airports.csv
Siem Reap-Angkor International Airport,Siem Reap-Angkor International Airport,SAI,VDSA,VDSA,KH,Cambodia,KH-17,Siem Reap,Siem Reap,13.36974,104.223831,large_airport,yes,https://davidmegginson.github.io/ourairports-data/airports.csv
San Andros Airport,San Andros Airport,SAQ,MYAN,MYAN,BS,Bahamas,BS-NS,Andros Island,Andros Island,25.053800582885742,-78.04900360107422,medium_airport,yes,https://davidmegginson.github.io/ourairports-data/airports.csv
Socotra Airport,Socotra Airport,SCT,OYSQ,OYSQ,YE,Yemen,YE-SU,Mori,Mori,12.632093,53.906173,medium_airport,yes,https://davidmegginson.github.io/ourairports-data/airports.csv
Antonio Maceo International Airport,Antonio Maceo International Airport,SCU,MUCU,MUCU,CU,Cuba,CU-13,Santiago,Santiago,19.97474,-75.835504,large_airport,yes,https://davidmegginson.github.io/ourairports-data/airports.csv
Lubango Mukanka International Airport,Lubango Mukanka International Airport,SDD,FNUB,FNUB,AO,Angola,AO-HUI,Lubango,Lubango,-14.924839,13.576653,medium_airport,yes,https://davidmegginson.github.io/ourairports-data/airports.csv
Sanandaj Airport,Sanandaj Airport,SDG,OICS,OICS,IR,Iran,IR-12,,,35.24589920043945,47.00920104980469,medium_airport,yes,https://davidmegginson.github.io/ourairports-data/airports.csv
Sabha Airport,Sabha Airport,SEB,HLLS,HLLS,LY,Libya,LY-SB,Sabha,Sabha,26.992452,14.466162,medium_airport,yes,https://davidmegginson.github.io/ourairports-data/airports.csv
Sfax Thyna International Airport,Sfax Thyna International Airport,SFA,DTTX,DTTX,TN,Tunisia,TN-61,Sfax,Sfax,34.717999,10.691,medium_airport,yes,https://davidmegginson.github.io/ourairports-data/airports.csv
Kangerlussuaq International Airport,Kangerlussuaq International Airport,SFJ,BGSF,BGSF,GL,Greenland,GL-QA,Kangerlussuaq,Kangerlussuaq,67.010446,-50.715294,medium_airport,yes,https://davidmegginson.github.io/ourairports-data/airports.csv
King Mswati III International Airport,King Mswati III International Airport,SHO,FDSK,FDSK,SZ,Eswatini,SZ-LU,Mpaka,Mpaka,-26.358611,31.716944,large_airport,yes,https://davidmegginson.github.io/ourairports-data/airports.csv
Sishen Airport,Sishen Airport,SIS,FASS,FASS,ZA,South Africa,ZA-NC,Sishen,Sishen,-27.6486,22.9993,medium_airport,yes,https://davidmegginson.github.io/ourairports-data/airports.csv
Robert L. Bradshaw International Airport,Robert L. Bradshaw International Airport,SKB,TKPK,TKPK,KN,Saint Kitts and Nevis,KN-U-A,Basseterre,Basseterre,17.310845,-62.719117,large_airport,yes,https://davidmegginson.github.io/ourairports-data/airports.csv
Sialkot International Airport,Sialkot International Airport,SKT,OPST,OPST,PK,Pakistan,PK-PB,Sialkot,Sialkot,32.535941,74.364623,large_airport,yes,https://davidmegginson.github.io/ourairports-data/airports.csv
Begum Nusrat Bhutto International Airport Sukkur,Begum Nusrat Bhutto International Airport Sukkur,SKZ,OPSK,OPSK,PK,Pakistan,PK-SD,Sukkur,Sukkur,27.722,68.791702,medium_airport,yes,https://davidmegginson.github.io/ourairports-data/airports.csv
George F. L. Charles Airport,George F. L. Charles Airport,SLU,TLPC,TLPC,LC,Saint Lucia,LC-02,Castries,Castries,14.0202,-60.992901,medium_airport,yes,https://davidmegginson.github.io/ourairports-data/airports.csv
Stella Maris Airport,Stella Maris Airport,SML,MYLS,MYLS,BS,Bahamas,BS-LI,Stella Maris,Stella Maris,23.582317,-75.268621,medium_airport,yes,https://davidmegginson.github.io/ourairports-data/airports.csv
Smara Airport,Smara Airport,SMW,GMMA,GMMA,EH,Western Sahara (disputed territory),EH-U-A,Smara,Smara,26.731987,-11.683655,medium_airport,yes,https://davidmegginson.github.io/ourairports-data/airports.csv
Snake Bay Airport,Snake Bay Airport,SNB,,YSNB,AU,Australia,AU-NT,Milikapiti,Milikapiti,-11.417674,130.648481,medium_airport,yes,https://davidmegginson.github.io/ourairports-data/airports.csv
Abel Santamaria International Airport,Abel Santamaria International Airport,SNU,MUSC,MUSC,CU,Cuba,CU-05,Santa Clara,Santa Clara,22.492215,-79.943119,large_airport,yes,https://davidmegginson.github.io/ourairports-data/airports.csv
Santa Elena de Uairén Airport,Santa Elena de Uairén Airport,SNV,SVSE,SVSE,VE,Venezuela,VE-F,Santa Elena de Uairén,Santa Elena de Uairén,4.554699,-61.145234,medium_airport,yes,https://davidmegginson.github.io/ourairports-data/airports.csv
Thandwe Airport,Thandwe Airport,SNW,VYTD,VYTD,MM,Myanmar,MM-16,Thandwe,Thandwe,18.4606990814209,94.30010223388672,medium_airport,yes,https://davidmegginson.github.io/ourairports-data/airports.csv
San Tomé Airport,San Tomé Airport,SOM,SVST,SVST,VE,Venezuela,VE-B,El Tigre,El Tigre,8.9451465606689,-64.151084899902,medium_airport,yes,https://davidmegginson.github.io/ourairports-data/airports.csv
Santo Pekoa International Airport,Santo Pekoa International Airport,SON,NVSS,NVSS,VU,Vanuatu,VU-SAM,Luganville,Luganville,-15.505000114399998,167.220001221,medium_airport,yes,https://davidmegginson.github.io/ourairports-data/airports.csv
Menongue Airport,Menongue Airport,SPP,FNME,FNME,AO,Angola,AO-CCU,Menongue,Menongue,-14.657600402832031,17.71980094909668,medium_airport,yes,https://davidmegginson.github.io/ourairports-data/airports.csv
John Greif II Airport,John Greif II Airport,SPR,,BZ-SPR,BZ,Belize,BZ-CY,San Pedro,San Pedro,17.9139,-87.9711,medium_airport,yes,https://davidmegginson.github.io/ourairports-data/airports.csv
Tebelian Airport,Tebelian Airport,SQG,WIOS,WIOS,ID,Indonesia,ID-KB,Sintang,Sintang,-0.045214,111.458049,medium_airport,yes,https://davidmegginson.github.io/ourairports-data/airports.csv
Alcantarí International Airport,Alcantarí International Airport,SRE,SLAL,SLAL,BO,Bolivia,BO-H,Sucre,Sucre,-19.246835,-65.149611,large_airport,yes,https://davidmegginson.github.io/ourairports-data/airports.csv
Soroti Airport,Soroti Airport,SRT,HUSO,HUSO,UG,Uganda,UG-E,Soroti,Soroti,1.7276899814605713,33.622798919677734,medium_airport,yes,https://davidmegginson.github.io/ourairports-data/airports.csv
El Trompillo Airport,El Trompillo Airport,SRZ,SLET,SLET,BO,Bolivia,BO-S,Santa Cruz,Santa Cruz,-17.8115997314,-63.1715011597,medium_airport,yes,https://davidmegginson.github.io/ourairports-data/airports.csv
Santa Teresita Airport,Santa Teresita Airport,SST,SAZL,SAZL,AR,Argentina,AR-B,Santa Teresita,Santa Teresita,-36.5423,-56.7218,medium_airport,yes,https://davidmegginson.github.io/ourairports-data/airports.csv
Mbanza Congo Airport,Mbanza Congo Airport,SSY,FNBC,FNBC,AO,Angola,AO-ZAI,Mbanza Congo,Mbanza Congo,-6.269899845123291,14.246999740600586,medium_airport,yes,https://davidmegginson.github.io/ourairports-data/airports.csv
Mayor Buenaventura Vivas International Airport,Mayor Buenaventura Vivas International Airport,STD,SVSO,SVSO,VE,Venezuela,VE-S,Santo Domingo,Santo Domingo,7.56538,-72.035103,medium_airport,yes,https://davidmegginson.github.io/ourairports-data/airports.csv
Vladislav Ardzinba Sukhum International Airport,Vladislav Ardzinba Sukhum International Airport,SUI,UGSS,UGSS,GE,Georgia,GE-AB,Sukhumi,Sukhumi,42.8582,41.128101,medium_airport,yes,https://davidmegginson.github.io/ourairports-data/airports.csv
Nausori International Airport,Nausori International Airport,SUV,NFNA,NFNA,FJ,Fiji,FJ-C,Nausori,Nausori,-18.044226,178.561486,large_airport,yes,https://davidmegginson.github.io/ourairports-data/airports.csv
Argyle International Airport,Argyle International Airport,SVD,TVSA,TVSA,VC,Saint Vincent and the Grenadines,VC-04,Kingstown,Kingstown,13.159725,-61.148801,large_airport,yes,https://davidmegginson.github.io/ourairports-data/airports.csv
Juan Vicente Gómez International Airport,Juan Vicente Gómez International Airport,SVZ,SVSA,SVSA,VE,Venezuela,VE-S,San Antonio del Tachira,San Antonio del Tachira,7.840809,-72.439878,medium_airport,yes,https://davidmegginson.github.io/ourairports-data/airports.csv
Soyo Airport,Soyo Airport,SZA,FNSO,FNSO,AO,Angola,AO-ZAI,Soyo,Soyo,-6.141089916229248,12.371800422668457,medium_airport,yes,https://davidmegginson.github.io/ourairports-data/airports.csv
Skukuza Airport,Skukuza Airport,SZK,FASZ,FASZ,ZA,South Africa,ZA-MP,Skukuza,Skukuza,-24.96085,31.588587,medium_airport,yes,https://davidmegginson.github.io/ourairports-data/airports.csv
Whitegrass Airport,Whitegrass Airport,TAH,NVVW,NVVW,VU,Vanuatu,VU-TAE,Tanna Island,Tanna Island,-19.455099,169.223999,medium_airport,yes,https://davidmegginson.github.io/ourairports-data/airports.csv
Taiz International Airport,Taiz International Airport,TAI,OYTZ,OYTZ,YE,Yemen,YE-TA,Taiz,Taiz,13.686,44.139099,medium_airport,yes,https://davidmegginson.github.io/ourairports-data/airports.csv
Dashoguz International Airport,Dashoguz International Airport,TAZ,UTAT,UTAT,TM,Turkmenistan,TM-D,Daşoguz,Daşoguz,41.759853,59.836149,large_airport,yes,https://davidmegginson.github.io/ourairports-data/airports.csv
New Bight Airport,New Bight Airport,TBI,MYCB,MYCB,BS,Bahamas,BS-CI,Cat Island,Cat Island,24.3153,-75.452301,medium_airport,yes,https://davidmegginson.github.io/ourairports-data/airports.csv
Tabarka-Aïn Draham International Airport,Tabarka-Aïn Draham International Airport,TBJ,DTKA,DTKA,TN,Tunisia,TN-32,Tabarka,Tabarka,36.98,8.87694,medium_airport,yes,https://davidmegginson.github.io/ourairports-data/airports.csv
Fua'amotu International Airport,Fua'amotu International Airport,TBU,NFTF,NFTF,TO,Tonga,TO-04,Nuku'alofa,Nuku'alofa,-21.241438,-175.149164,large_airport,yes,https://davidmegginson.github.io/ourairports-data/airports.csv
Treasure Cay Airport,Treasure Cay Airport,TCB,MYAT,MYAT,BS,Bahamas,BS-CO,Treasure Cay,Treasure Cay,26.745300293,-77.3912963867,medium_airport,yes,https://davidmegginson.github.io/ourairports-data/airports.csv
Teniente Av. Jorge Henrich Arauz Airport,Teniente Av. Jorge Henrich Arauz Airport,TDD,SLTR,SLTR,BO,Bolivia,BO-B,Trinidad,Trinidad,-14.8187,-64.917999,medium_airport,yes,https://davidmegginson.github.io/ourairports-data/airports.csv
Touggourt Sidi Madhi Airport,Touggourt Sidi Madhi Airport,TGR,DAUK,DAUK,DZ,Algeria,DZ-55,Touggourt,Touggourt,33.067799,6.08867,medium_airport,yes,https://davidmegginson.github.io/ourairports-data/airports.csv
Thangool Airport,Thangool Airport,THG,YTNG,YTNG,AU,Australia,AU-QLD,Biloela,Biloela,-24.494863,150.577967,medium_airport,yes,https://davidmegginson.github.io/ourairports-data/airports.csv
Tachileik Airport,Tachileik Airport,THL,VYTL,VYTL,MM,Myanmar,MM-17,Tachileik,Tachileik,20.483800888061523,99.9354019165039,medium_airport,yes,https://davidmegginson.github.io/ourairports-data/airports.csv
Pituffik Space Base,Pituffik Space Base,THU,BGTL,BGTL,GL,Greenland,GL-AV,Pituffik,Pituffik,76.53063,-68.700541,medium_airport,yes,https://davidmegginson.github.io/ourairports-data/airports.csv
Tindouf Airport,Tindouf Airport,TIN,DAOF,DAOF,DZ,Algeria,DZ-37,Tindouf,Tindouf,27.7003993988,-8.167099952700001,medium_airport,yes,https://davidmegginson.github.io/ourairports-data/airports.csv
Timaru Airport,Timaru Airport,TIU,NZTU,NZTU,NZ,New Zealand,NZ-CAN,,,-44.302799224853516,171.22500610351562,medium_airport,yes,https://davidmegginson.github.io/ourairports-data/airports.csv
Capitan Oriel Lea Plaza Airport,Capitan Oriel Lea Plaza Airport,TJA,SLTJ,SLTJ,BO,Bolivia,BO-T,Tarija,Tarija,-21.5557,-64.701302,medium_airport,yes,https://davidmegginson.github.io/ourairports-data/airports.csv
Warukin Airport,Warukin Airport,TJG,WAON,WAON,ID,Indonesia,ID-KS,Tanta-Tabalong,Tanta-Tabalong,-2.21656,115.435997,medium_airport,yes,https://davidmegginson.github.io/ourairports-data/airports.csv
Kulob International Airport,Kulob International Airport,TJU,UTDK,UTDK,TJ,Tajikistan,TJ-KT,Kulob,Kulob,37.988098,69.805,large_airport,yes,https://davidmegginson.github.io/ourairports-data/airports.csv
Takoradi Airport,Takoradi Airport,TKD,DGTK,DGTK,GH,Ghana,GH-WP,Sekondi-Takoradi,Sekondi-Takoradi,4.896059989929199,-1.7747600078582764,medium_airport,yes,https://davidmegginson.github.io/ourairports-data/airports.csv
Chuuk International Airport,Chuuk International Airport,TKK,PTKK,PTKK,FM,Micronesia,FM-TRK,Weno Island,Weno Island,7.46187,151.843002,large_airport,yes,https://davidmegginson.github.io/ourairports-data/airports.csv
Tanah Merah Airport,Tanah Merah Airport,TMH,WAKT,WAKT,ID,Indonesia,ID-PS,Tanah Merah,Tanah Merah,-6.09669,140.303521,medium_airport,yes,https://davidmegginson.github.io/ourairports-data/airports.csv
Aguenar – Hadj Bey Akhamok Airport,Aguenar – Hadj Bey Akhamok Airport,TMR,DAAT,DAAT,DZ,Algeria,DZ-11,Tamanrasset,Tamanrasset,22.810992,5.450832,large_airport,yes,https://davidmegginson.github.io/ourairports-data/airports.csv
Timimoun Airport,Timimoun Airport,TMX,DAUT,DAUT,DZ,Algeria,DZ-54,Timimoun,Timimoun,29.237101,0.276033,medium_airport,yes,https://davidmegginson.github.io/ourairports-data/airports.csv
Alberto Delgado Airport,Alberto Delgado Airport,TND,MUTD,MUTD,CU,Cuba,CU-07,Trinidad,Trinidad,21.7883,-79.9972,medium_airport,yes,https://davidmegginson.github.io/ourairports-data/airports.csv
Tozeur Nefta International Airport,Tozeur Nefta International Airport,TOE,DTTZ,DTTZ,TN,Tunisia,TN-72,Tozeur,Tozeur,33.939701080322266,8.110560417175293,medium_airport,yes,https://davidmegginson.github.io/ourairports-data/airports.csv
Tombouktou Airport,Tombouktou Airport,TOM,GATB,GATB,ML,Mali,ML-7,Timbuktu,Timbuktu,16.730499,-3.00758,large_airport,yes,https://davidmegginson.github.io/ourairports-data/airports.csv
China Bay Airport,China Bay Airport,TRR,VCCT,VCCT,LK,Sri Lanka,LK-5,Trincomalee,Trincomalee,8.539159,81.18128,medium_airport,yes,https://davidmegginson.github.io/ourairports-data/airports.csv
Toraja Airport,Toraja Airport,TRT,WAFB,WAFB,ID,Indonesia,ID-SS,Toraja,Toraja,-3.185833,119.91775,medium_airport,yes,https://davidmegginson.github.io/ourairports-data/airports.csv
Bonriki International Airport,Bonriki International Airport,TRW,NGTA,NGTA,KI,Kiribati,KI-G,South Tarawa,South Tarawa,1.38164,173.147003,large_airport,yes,https://davidmegginson.github.io/ourairports-data/airports.csv
Lieutenant Colonel Luis A. Mantilla International Airport,Lieutenant Colonel Luis A. Mantilla International Airport,TUA,SETU,SETU,EC,Ecuador,EC-C,Tulcán,Tulcán,0.809506,-77.708099,medium_airport,yes,https://davidmegginson.github.io/ourairports-data/airports.csv
Turbat International Airport,Turbat International Airport,TUK,OPTU,OPTU,PK,Pakistan,PK-BA,Turbat,Turbat,25.984767,63.028856,large_airport,yes,https://davidmegginson.github.io/ourairports-data/airports.csv
Taupo Airport,Taupo Airport,TUO,NZAP,NZAP,NZ,New Zealand,NZ-WKO,Taupo,Taupo,-38.73970031738281,176.08399963378906,medium_airport,yes,https://davidmegginson.github.io/ourairports-data/airports.csv
Tashkent-Khumo International Airport,Tashkent-Khumo International Airport,TVT,UZTP,UTTP,UZ,Uzbekistan,UZ-TO,Tashkent,Tashkent,41.312889,69.395535,medium_airport,yes,https://davidmegginson.github.io/ourairports-data/airports.csv
Dawei Airport,Dawei Airport,TVY,VYDW,VYDW,MM,Myanmar,MM-05,Dawei,Dawei,14.1039,98.203598,medium_airport,yes,https://davidmegginson.github.io/ourairports-data/airports.csv
Rembele Airport,Rembele Airport,TXE,WITK,WITK,ID,Indonesia,ID-AC,Takengon,Takengon,4.72113,96.851943,medium_airport,yes,https://davidmegginson.github.io/ourairports-data/airports.csv
Sir Barry Bowen Municipal Airport,Sir Barry Bowen Municipal Airport,TZA,,BZ-TZA,BZ,Belize,BZ-BZ,Belize City,Belize City,17.517239,-88.195775,medium_airport,yes,https://davidmegginson.github.io/ourairports-data/airports.csv
Congo Town Airport,Congo Town Airport,TZN,MYAK,MYAK,BS,Bahamas,BS-SA,Andros,Andros,24.158701,-77.589798,medium_airport,yes,https://davidmegginson.github.io/ourairports-data/airports.csv
"Commander in Chief of FALINTIL, Kay Rala Xanana Gusmão, International Airport","Commander in Chief of FALINTIL, Kay Rala Xanana Gusmão, International Airport",UAI,WPDB,WPDB,TL,Timor-Leste,TL-CO,Suai,Suai,-9.301856,125.286302,medium_airport,yes,https://davidmegginson.github.io/ourairports-data/airports.csv
Ulaanbaatar Chinggis Khaan International Airport,Ulaanbaatar Chinggis Khaan International Airport,UBN,ZMCK,ZMCK,MN,Mongolia,MN-047,Ulaanbaatar (Sergelen),Ulaanbaatar (Sergelen),47.646916,106.819833,large_airport,yes,https://davidmegginson.github.io/ourairports-data/airports.csv
Quetta International Airport,Quetta International Airport,UET,OPQT,OPQT,PK,Pakistan,PK-BA,Quetta,Quetta,30.2514,66.937798,large_airport,yes,https://davidmegginson.github.io/ourairports-data/airports.csv
Bulgan Airport,Bulgan Airport,UGA,ZMBN,ZMBN,MN,Mongolia,MN-067,Bulgan,Bulgan,48.85499954223633,103.47599792480469,medium_airport,yes,https://davidmegginson.github.io/ourairports-data/airports.csv
Bilorai Airport,Bilorai Airport,UGU,,ID-ZGP,ID,Indonesia,ID-PT,Bilogai,Bilogai,-3.739503,137.031183,medium_airport,yes,https://davidmegginson.github.io/ourairports-data/airports.csv
Utkela Airport,Utkela Airport,UKE,VEUK,VEUK,IN,India,IN-OR,Bhawanipatna,Bhawanipatna,20.097778,83.183333,medium_airport,yes,https://davidmegginson.github.io/ourairports-data/airports.csv
Ölgii Mongolei International Airport,Ölgii Mongolei International Airport,ULG,ZMUL,ZMUL,MN,Mongolia,MN-071,Ölgii,Ölgii,48.993301,89.922501,medium_airport,yes,https://davidmegginson.github.io/ourairports-data/airports.csv
Ulaangom Airport,Ulaangom Airport,ULO,ZMUG,ZMUG,MN,Mongolia,MN-046,Ulaangom,Ulaangom,50.066588,91.938273,medium_airport,yes,https://davidmegginson.github.io/ourairports-data/airports.csv
Quilpie Airport,Quilpie Airport,ULP,YQLP,YQLP,AU,Australia,AU-QLD,,,-26.609176,144.253746,medium_airport,yes,https://davidmegginson.github.io/ourairports-data/airports.csv
Gulu Airport,Gulu Airport,ULU,HUGU,HUGU,UG,Uganda,UG-N,Gulu,Gulu,2.8055601119995117,32.27180099487305,medium_airport,yes,https://davidmegginson.github.io/ourairports-data/airports.csv
Union Island International Airport,Union Island International Airport,UNI,TVSU,TVSU,VC,Saint Vincent and the Grenadines,VC-06,Union Island,Union Island,12.600135,-61.411945,medium_airport,yes,https://davidmegginson.github.io/ourairports-data/airports.csv
K. D. Matanzima Airport,K. D. Matanzima Airport,UTT,FAUT,FAUT,ZA,South Africa,ZA-EC,Mthatha,Mthatha,-31.546363184900002,28.6733551025,medium_airport,yes,https://davidmegginson.github.io/ourairports-data/airports.csv
Nyala Airport,Nyala Airport,UYL,HSNN,HSNN,SD,Sudan,SD-11,Nyala,Nyala,12.0535,24.9562,medium_airport,yes,https://davidmegginson.github.io/ourairports-data/airports.csv
Joya Andina International Airport,Joya Andina International Airport,UYU,SLUY,SLUY,BO,Bolivia,BO-P,Quijarro,Quijarro,-20.441304,-66.857553,large_airport,yes,https://davidmegginson.github.io/ourairports-data/airports.csv
Vanimo Airport,Vanimo Airport,VAI,AYVN,AYVN,PG,Papua New Guinea,PG-SAN,Vanimo,Vanimo,-2.6926,141.3028,medium_airport,yes,https://davidmegginson.github.io/ourairports-data/airports.csv
Villa International Airport Maamigili,Villa International Airport Maamigili,VAM,VRMV,VRMV,MV,Maldives,MV-00,Maamigili,Maamigili,3.471751,72.832633,medium_airport,yes,https://davidmegginson.github.io/ourairports-data/airports.csv
Vanavara Airport,Vanavara Airport,VAQ,,UNIW,RU,Russia,RU-KYA,Vanavara,Vanavara,60.356229,102.309641,medium_airport,yes,https://davidmegginson.github.io/ourairports-data/airports.csv
Vava'u International Airport,Vava'u International Airport,VAV,NFTV,NFTV,TO,Tonga,TO-05,Vava'u Island,Vava'u Island,-18.5853,-173.962006,large_airport,yes,https://davidmegginson.github.io/ourairports-data/airports.csv
Severo-Yeniseysk Airport,Severo-Yeniseysk Airport,VEO,,UNIS,RU,Russia,RU-KYA,Severo-Yeniseysk,Severo-Yeniseysk,60.373299,93.011703,medium_airport,yes,https://davidmegginson.github.io/ourairports-data/airports.csv
Victoria Falls International Airport,Victoria Falls International Airport,VFA,FVFA,FVFA,ZW,Zimbabwe,ZW-MN,Victoria Falls,Victoria Falls,-18.097437,25.836867,large_airport,yes,https://davidmegginson.github.io/ourairports-data/airports.csv
Juan Pablo Pérez Alfonso Airport,Juan Pablo Pérez Alfonso Airport,VIG,SVVG,SVVG,VE,Venezuela,VE-L,El Vigía,El Vigía,8.624139,-71.672668,medium_airport,yes,https://davidmegginson.github.io/ourairports-data/airports.csv
Virgin Gorda Airport,Virgin Gorda Airport,VIJ,TUPW,TUPW,VG,British Virgin Islands,VG-U-A,Spanish Town,Spanish Town,18.446634,-64.427932,medium_airport,yes,https://davidmegginson.github.io/ourairports-data/airports.csv
Bauerfield International Airport,Bauerfield International Airport,VLI,NVVV,NVVV,VU,Vanuatu,VU-SEE,Port Vila,Port Vila,-17.699301,168.320007,large_airport,yes,https://davidmegginson.github.io/ourairports-data/airports.csv
Arturo Michelena International Airport,Arturo Michelena International Airport,VLN,SVVA,SVVA,VE,Venezuela,VE-G,Valencia,Valencia,10.149733,-67.928398,large_airport,yes,https://davidmegginson.github.io/ourairports-data/airports.csv
Dr. Antonio Nicolás Briceño Airport,Dr. Antonio Nicolás Briceño Airport,VLV,SVVL,SVVL,VE,Venezuela,VE-T,Valera,Valera,9.340478,-70.584061,medium_airport,yes,https://davidmegginson.github.io/ourairports-data/airports.csv
Baimuru Airport,Baimuru Airport,VMU,AYBA,AYBA,PG,Papua New Guinea,PG-GPK,Baimuru,Baimuru,-7.496955,144.821756,medium_airport,yes,https://davidmegginson.github.io/ourairports-data/airports.csv
Vilankulo Airport,Vilankulo Airport,VNX,FQVL,FQVL,MZ,Mozambique,MZ-I,Vilanculo,Vilanculo,-22.018400192260742,35.31330108642578,medium_airport,yes,https://davidmegginson.github.io/ourairports-data/airports.csv
Ngjiva Pereira Airport,Ngjiva Pereira Airport,VPE,FNGI,FNGI,AO,Angola,AO-CNN,Ngiva,Ngiva,-17.0435009003,15.683799743700002,medium_airport,yes,https://davidmegginson.github.io/ourairports-data/airports.csv
Chimoio Airport,Chimoio Airport,VPY,FQCH,FQCH,MZ,Mozambique,MZ-B,Chimoio,Chimoio,-19.15130043029785,33.42900085449219,medium_airport,yes,https://davidmegginson.github.io/ourairports-data/airports.csv
Juan Gualberto Gomez International Airport,Juan Gualberto Gomez International Airport,VRA,MUVR,MUVR,CU,Cuba,CU-04,Matanzas,Matanzas,23.034401,-81.435303,large_airport,yes,https://davidmegginson.github.io/ourairports-data/airports.csv
Wattay International Airport,Wattay International Airport,VTE,VLVT,VLVT,LA,Laos,LA-VT,Vientiane,Vientiane,17.985052,102.566692,large_airport,yes,https://davidmegginson.github.io/ourairports-data/airports.csv
Hermanos Ameijeiras Airport,Hermanos Ameijeiras Airport,VTU,MUVT,MUVT,CU,Cuba,CU-10,Las Tunas,Las Tunas,20.9876,-76.935799,medium_airport,yes,https://davidmegginson.github.io/ourairports-data/airports.csv
Velikiy Ustyug Airport,Velikiy Ustyug Airport,VUS,ULWU,ULWU,RU,Russia,RU-VLG,Velikiy Ustyug,Velikiy Ustyug,60.7883,46.259998,medium_airport,yes,https://davidmegginson.github.io/ourairports-data/airports.csv
Illizi Takhamalt Airport,Illizi Takhamalt Airport,VVZ,DAAP,DAAP,DZ,Algeria,DZ-33,Illizi,Illizi,26.723499,8.62265,medium_airport,yes,https://davidmegginson.github.io/ourairports-data/airports.csv
Lichinga Airport,Lichinga Airport,VXC,FQLC,FQLC,MZ,Mozambique,MZ-A,Lichinga,Lichinga,-13.274,35.2663,medium_airport,yes,https://davidmegginson.github.io/ourairports-data/airports.csv
Wanganui Airport,Wanganui Airport,WAG,NZWU,NZWU,NZ,New Zealand,NZ-MWT,Wanganui,Wanganui,-39.963467,175.02444,medium_airport,yes,https://davidmegginson.github.io/ourairports-data/airports.csv
Wapenamanda Airport,Wapenamanda Airport,WBM,AYWD,AYWD,PG,Papua New Guinea,PG-EPW,Wapenamanda,Wapenamanda,-5.635293,143.892231,medium_airport,yes,https://davidmegginson.github.io/ourairports-data/airports.csv
Walgett Airport,Walgett Airport,WGE,YWLG,YWLG,AU,Australia,AU-NSW,,,-30.032801,148.126007,medium_airport,yes,https://davidmegginson.github.io/ourairports-data/airports.csv
Whakatāne Airport,Whakatāne Airport,WHK,NZWK,NZWK,NZ,New Zealand,NZ-BOP,Whakatāne,Whakatāne,-37.922224,176.91696,medium_airport,yes,https://davidmegginson.github.io/ourairports-data/airports.csv
Winton Airport,Winton Airport,WIN,YWTN,YWTN,AU,Australia,AU-QLD,,,-22.36359977722168,143.08599853515625,medium_airport,yes,https://davidmegginson.github.io/ourairports-data/airports.csv
Wajir Airport,Wajir Airport,WJR,HKWJ,HKWJ,KE,Kenya,KE-08,Wajir,Wajir,1.73324,40.091599,medium_airport,yes,https://davidmegginson.github.io/ourairports-data/airports.csv
Wanaka Airport,Wanaka Airport,WKA,NZWF,NZWF,NZ,New Zealand,NZ-OTA,Wanaka,Wanaka,-44.722091,169.246287,medium_airport,yes,https://davidmegginson.github.io/ourairports-data/airports.csv
Aleknagik / New Airport,Aleknagik / New Airport,WKK,,5A8,US,United States,US-AK,Aleknagik,Aleknagik,59.2826004028,-158.617996216,medium_airport,yes,https://davidmegginson.github.io/ourairports-data/airports.csv
Maroantsetra Airport,Maroantsetra Airport,WMN,FMNR,FMNR,MG,Madagascar,MG-A,Maroantsetra,Maroantsetra,-15.437742,49.689081,medium_airport,yes,https://davidmegginson.github.io/ourairports-data/airports.csv
Matahora Airport,Matahora Airport,WNI,WAWD,WAWD,ID,Indonesia,ID-SG,Wangi-wangi Island,Wangi-wangi Island,-5.292123,123.636233,medium_airport,yes,https://davidmegginson.github.io/ourairports-data/airports.csv
Windorah Airport,Windorah Airport,WNR,YWDH,YWDH,AU,Australia,AU-QLD,Windorah,Windorah,-25.410641,142.668428,medium_airport,yes,https://davidmegginson.github.io/ourairports-data/airports.csv
Shaheed Benazirabad Airport,Shaheed Benazirabad Airport,WNS,OPNH,OPNH,PK,Pakistan,PK-SD,Nawabashah,Nawabashah,26.2194,68.390099,medium_airport,yes,https://davidmegginson.github.io/ourairports-data/airports.csv
Wonsan Kalma Airport,Wonsan Kalma Airport,WOS,ZKWS,ZKWS,KP,North Korea,KP-07,Wonsan,Wonsan,39.165219,127.487931,medium_airport,yes,https://davidmegginson.github.io/ourairports-data/airports.csv
Whangarei Airport,Whangarei Airport,WRE,NZWR,NZWR,NZ,New Zealand,NZ-NTL,Whangarei,Whangarei,-35.769253,174.363713,medium_airport,yes,https://davidmegginson.github.io/ourairports-data/airports.csv
[Duplicate] Western Sydney International Airport,[Duplicate] Western Sydney International Airport,WSI,YSWS,YSWS,AU,Australia,AU-NSW,Sydney,Sydney,-33.88806,150.71472,large_airport,yes,https://davidmegginson.github.io/ourairports-data/airports.csv
Westport Airport,Westport Airport,WSZ,NZWS,NZWS,NZ,New Zealand,NZ-WTC,Westport,Westport,-41.737111,171.579033,medium_airport,yes,https://davidmegginson.github.io/ourairports-data/airports.csv
Wiluna Airport,Wiluna Airport,WUN,YWLU,YWLU,AU,Australia,AU-WA,,,-26.629199981689453,120.22100067138672,medium_airport,yes,https://davidmegginson.github.io/ourairports-data/airports.csv
Wau Airport,Wau Airport,WUU,HSWW,HSWW,SS,South Sudan,SS-BW,Wau,Wau,7.72583,27.975,medium_airport,yes,https://davidmegginson.github.io/ourairports-data/airports.csv
Wewak International Airport,Wewak International Airport,WWK,AYWK,AYWK,PG,Papua New Guinea,PG-ESW,Wewak,Wewak,-3.58383011818,143.669006348,medium_airport,yes,https://davidmegginson.github.io/ourairports-data/airports.csv
Birjand International Airport,Birjand International Airport,XBJ,OIMB,OIMB,IR,Iran,IR-29,Birjand,Birjand,32.896525,59.281258,large_airport,yes,https://davidmegginson.github.io/ourairports-data/airports.csv
Kasabonika Airport,Kasabonika Airport,XKS,CYAQ,CYAQ,CA,Canada,CA-ON,Kasabonika,Kasabonika,53.52470016479492,-88.6427993774414,medium_airport,yes,https://davidmegginson.github.io/ourairports-data/airports.csv
Coronel E Carvajal Airport,Coronel E Carvajal Airport,XMS,SEMC,SEMC,EC,Ecuador,EC-S,Macas,Macas,-2.2991700172424316,-78.12079620361328,medium_airport,yes,https://davidmegginson.github.io/ourairports-data/airports.csv
Palmerola International Airport,Palmerola International Airport,XPL,MHPR,MHSC,HN,Honduras,HN-CM,Palmerola,Palmerola,14.3824,-87.621201,large_airport,yes,https://davidmegginson.github.io/ourairports-data/airports.csv
Qualicum Beach Airport,Qualicum Beach Airport,XQU,,CAT4,CA,Canada,CA-BC,Qualicum Beach,Qualicum Beach,49.337456,-124.393086,medium_airport,yes,https://davidmegginson.github.io/ourairports-data/airports.csv
South Caicos Airport,South Caicos Airport,XSC,MBSC,MBSC,TC,Turks and Caicos Islands,TC-SC,South Caicos,South Caicos,21.515699,-71.528503,medium_airport,yes,https://davidmegginson.github.io/ourairports-data/airports.csv
Seletar Airport,Seletar Airport,XSP,WSSL,WSSL,SG,Singapore,SG-02,Seletar,Seletar,1.41555,103.86673,medium_airport,yes,https://davidmegginson.github.io/ourairports-data/airports.csv
Thargomindah Airport,Thargomindah Airport,XTG,YTGM,YTGM,AU,Australia,AU-QLD,Thargomindah,Thargomindah,-27.986368,143.812065,medium_airport,yes,https://davidmegginson.github.io/ourairports-data/airports.csv
Anahim Lake Airport,Anahim Lake Airport,YAA,,CAJ4,CA,Canada,CA-BC,Anahim Lake,Anahim Lake,52.451501,-125.303776,medium_airport,yes,https://davidmegginson.github.io/ourairports-data/airports.csv
Fort Frances Municipal Airport,Fort Frances Municipal Airport,YAG,CYAG,CYAG,CA,Canada,CA-ON,Fort Frances,Fort Frances,48.655749,-93.44349,medium_airport,yes,https://davidmegginson.github.io/ourairports-data/airports.csv
Yap International Airport,Yap International Airport,YAP,PTYA,PTYA,FM,Micronesia,FM-YAP,Yap Island,Yap Island,9.49891,138.082993,large_airport,yes,https://davidmegginson.github.io/ourairports-data/airports.csv
St. Anthony Airport,St. Anthony Airport,YAY,CYAY,CYAY,CA,Canada,CA-NL,St. Anthony,St. Anthony,51.391909,-56.08321,medium_airport,yes,https://davidmegginson.github.io/ourairports-data/airports.csv
Tofino / Long Beach Airport,Tofino / Long Beach Airport,YAZ,CYAZ,CYAZ,CA,Canada,CA-BC,Tofino,Tofino,49.079833,-125.775583,medium_airport,yes,https://davidmegginson.github.io/ourairports-data/airports.csv
Lourdes-de-Blanc-Sablon Airport,Lourdes-de-Blanc-Sablon Airport,YBX,CYBX,CYBX,CA,Canada,CA-QC,Blanc-Sablon,Blanc-Sablon,51.4436,-57.185299,medium_airport,yes,https://davidmegginson.github.io/ourairports-data/airports.csv
Bonnyville Airport,Bonnyville Airport,YBY,CYBF,CYBF,CA,Canada,CA-AB,Bonnyville,Bonnyville,54.304199,-110.744003,medium_airport,yes,https://davidmegginson.github.io/ourairports-data/airports.csv
Cambridge Bay Airport,Cambridge Bay Airport,YCB,CYCB,CYCB,CA,Canada,CA-NU,Cambridge Bay,Cambridge Bay,69.1081008911,-105.138000488,medium_airport,yes,https://davidmegginson.github.io/ourairports-data/airports.csv
Castlegar/West Kootenay Regional Airport,Castlegar/West Kootenay Regional Airport,YCG,CYCG,CYCG,CA,Canada,CA-BC,Castlegar,Castlegar,49.296398,-117.632004,medium_airport,yes,https://davidmegginson.github.io/ourairports-data/airports.csv
Charlo Airport,Charlo Airport,YCL,CYCL,CYCL,CA,Canada,CA-NB,Charlo,Charlo,47.990799,-66.330299,medium_airport,yes,https://davidmegginson.github.io/ourairports-data/airports.csv
Dawson City Airport,Dawson City Airport,YDA,CYDA,CYDA,CA,Canada,CA-YT,Dawson City,Dawson City,64.04309844970703,-139.1280059814453,medium_airport,yes,https://davidmegginson.github.io/ourairports-data/airports.csv
Dauphin Barker Airport,Dauphin Barker Airport,YDN,CYDN,CYDN,CA,Canada,CA-MB,Dauphin,Dauphin,51.1008,-100.052002,medium_airport,yes,https://davidmegginson.github.io/ourairports-data/airports.csv
Fort Simpson Airport,Fort Simpson Airport,YFS,CYFS,CYFS,CA,Canada,CA-NT,Fort Simpson,Fort Simpson,61.76020050048828,-121.23699951171875,medium_airport,yes,https://davidmegginson.github.io/ourairports-data/airports.csv
Michel-Pouliot Gaspé Airport,Michel-Pouliot Gaspé Airport,YGP,CYGP,CYGP,CA,Canada,CA-QC,Gaspé,Gaspé,48.774915,-64.481893,medium_airport,yes,https://davidmegginson.github.io/ourairports-data/airports.csv
Îles-de-la-Madeleine Airport,Îles-de-la-Madeleine Airport,YGR,CYGR,CYGR,CA,Canada,CA-QC,Les Îles-de-la-Madeleine,Les Îles-de-la-Madeleine,47.425242,-61.778612,medium_airport,yes,https://davidmegginson.github.io/ourairports-data/airports.csv
Kuujjuarapik Airport,Kuujjuarapik Airport,YGW,CYGW,CYGW,CA,Canada,CA-QC,Kuujjuarapik,Kuujjuarapik,55.281898498535156,-77.76529693603516,medium_airport,yes,https://davidmegginson.github.io/ourairports-data/airports.csv
Yogyakarta International Airport,Yogyakarta International Airport,YIA,WAHI,WAHI,ID,Indonesia,ID-YO,Yogyakarta,Yogyakarta,-7.905338,110.057264,large_airport,yes,https://davidmegginson.github.io/ourairports-data/airports.csv
St Augustin Airport,St Augustin Airport,YIF,CYIF,CYIF,CA,Canada,CA-QC,St-Augustin,St-Augustin,51.2117,-58.658298,medium_airport,yes,https://davidmegginson.github.io/ourairports-data/airports.csv
Schefferville Airport,Schefferville Airport,YKL,CYKL,CYKL,CA,Canada,CA-QC,Schefferville,Schefferville,54.805301666259766,-66.8052978515625,medium_airport,yes,https://davidmegginson.github.io/ourairports-data/airports.csv
Lloydminster Airport,Lloydminster Airport,YLL,CYLL,CYLL,CA,Canada,CA-AB,Lloydminster,Lloydminster,53.3092,-110.072998,medium_airport,yes,https://davidmegginson.github.io/ourairports-data/airports.csv
Moosonee Airport,Moosonee Airport,YMO,CYMO,CYMO,CA,Canada,CA-ON,Moosonee,Moosonee,51.291099548339844,-80.60780334472656,medium_airport,yes,https://davidmegginson.github.io/ourairports-data/airports.csv
Chapais Airport,Chapais Airport,YMT,CYMT,CYMT,CA,Canada,CA-QC,Chibougamau,Chibougamau,49.77190017700195,-74.5280990600586,medium_airport,yes,https://davidmegginson.github.io/ourairports-data/airports.csv
Natashquan Airport,Natashquan Airport,YNA,CYNA,CYNA,CA,Canada,CA-QC,Natashquan,Natashquan,50.190114,-61.78898,medium_airport,yes,https://davidmegginson.github.io/ourairports-data/airports.csv
Ottawa / Gatineau Airport,Ottawa / Gatineau Airport,YND,CYND,CYND,CA,Canada,CA-QC,Gatineau,Gatineau,45.521702,-75.563599,medium_airport,yes,https://davidmegginson.github.io/ourairports-data/airports.csv
High Level Airport,High Level Airport,YOJ,CYOJ,CYOJ,CA,Canada,CA-AB,High Level,High Level,58.62139892578125,-117.16500091552734,medium_airport,yes,https://davidmegginson.github.io/ourairports-data/airports.csv
Prince Albert Glass Field,Prince Albert Glass Field,YPA,CYPA,CYPA,CA,Canada,CA-SK,Prince Albert,Prince Albert,53.214199066199996,-105.672996521,medium_airport,yes,https://davidmegginson.github.io/ourairports-data/airports.csv
Pickle Lake Airport,Pickle Lake Airport,YPL,CYPL,CYPL,CA,Canada,CA-ON,Pickle Lake,Pickle Lake,51.4463996887207,-90.21420288085938,medium_airport,yes,https://davidmegginson.github.io/ourairports-data/airports.csv
Peterborough Regional Airport,Peterborough Regional Airport,YPQ,CYPQ,CYPQ,CA,Canada,CA-ON,Peterborough,Peterborough,44.232251,-78.362053,medium_airport,yes,https://davidmegginson.github.io/ourairports-data/airports.csv
Prince Rupert Airport,Prince Rupert Airport,YPR,CYPR,CYPR,CA,Canada,CA-BC,Prince Rupert,Prince Rupert,54.286098480199996,-130.445007324,medium_airport,yes,https://davidmegginson.github.io/ourairports-data/airports.csv
Powell River Airport,Powell River Airport,YPW,CYPW,CYPW,CA,Canada,CA-BC,Powell River,Powell River,49.83420181274414,-124.5,medium_airport,yes,https://davidmegginson.github.io/ourairports-data/airports.csv
Puvirnituq Airport,Puvirnituq Airport,YPX,CYPX,CYPX,CA,Canada,CA-QC,Puvirnituq,Puvirnituq,60.050598,-77.286903,medium_airport,yes,https://davidmegginson.github.io/ourairports-data/airports.csv
Burns Lake Airport,Burns Lake Airport,YPZ,CYPZ,CYPZ,CA,Canada,CA-BC,Burns Lake,Burns Lake,54.3764,-125.950996,medium_airport,yes,https://davidmegginson.github.io/ourairports-data/airports.csv
Muskoka Airport,Muskoka Airport,YQA,CYQA,CYQA,CA,Canada,CA-ON,Gravenhurst,Gravenhurst,44.975376,-79.306546,medium_airport,yes,https://davidmegginson.github.io/ourairports-data/airports.csv
The Pas Airport,The Pas Airport,YQD,CYQD,CYQD,CA,Canada,CA-MB,The Pas,The Pas,53.97140121459961,-101.09100341796875,medium_airport,yes,https://davidmegginson.github.io/ourairports-data/airports.csv
Watson Lake Airport,Watson Lake Airport,YQH,CYQH,CYQH,CA,Canada,CA-YT,Watson Lake,Watson Lake,60.116839,-128.821993,medium_airport,yes,https://davidmegginson.github.io/ourairports-data/airports.csv
Kenora Airport,Kenora Airport,YQK,CYQK,CYQK,CA,Canada,CA-ON,Kenora,Kenora,49.788299560546875,-94.36309814453125,medium_airport,yes,https://davidmegginson.github.io/ourairports-data/airports.csv
Nakina Airport,Nakina Airport,YQN,CYQN,CYQN,CA,Canada,CA-ON,Nakina,Nakina,50.18280029296875,-86.69640350341797,medium_airport,yes,https://davidmegginson.github.io/ourairports-data/airports.csv
Quesnel Airport,Quesnel Airport,YQZ,CYQZ,CYQZ,CA,Canada,CA-BC,Quesnel,Quesnel,53.026100158691406,-122.51000213623047,medium_airport,yes,https://davidmegginson.github.io/ourairports-data/airports.csv
Roberval Airport,Roberval Airport,YRJ,CYRJ,CYRJ,CA,Canada,CA-QC,Roberval,Roberval,48.519665,-72.265735,medium_airport,yes,https://davidmegginson.github.io/ourairports-data/airports.csv
Red Lake Airport,Red Lake Airport,YRL,CYRL,CYRL,CA,Canada,CA-ON,Red Lake,Red Lake,51.066898345947266,-93.79309844970703,medium_airport,yes,https://davidmegginson.github.io/ourairports-data/airports.csv
Ottawa / Rockcliffe Airport,Ottawa / Rockcliffe Airport,YRO,CYRO,CYRO,CA,Canada,CA-ON,Ottawa,Ottawa,45.460496,-75.644001,medium_airport,yes,https://davidmegginson.github.io/ourairports-data/airports.csv
Stony Rapids Airport,Stony Rapids Airport,YSF,CYSF,CYSF,CA,Canada,CA-SK,Stony Rapids,Stony Rapids,59.250301361083984,-105.84100341796875,medium_airport,yes,https://davidmegginson.github.io/ourairports-data/airports.csv
Saint-Léonard Airport,Saint-Léonard Airport,YSL,CYSL,CYSL,CA,Canada,CA-NB,Saint-Léonard,Saint-Léonard,47.157097,-67.836242,medium_airport,yes,https://davidmegginson.github.io/ourairports-data/airports.csv
Fort Smith Airport,Fort Smith Airport,YSM,CYSM,CYSM,CA,Canada,CA-NT,Fort Smith,Fort Smith,60.020302,-111.961998,medium_airport,yes,https://davidmegginson.github.io/ourairports-data/airports.csv
Hall Beach Airport,Hall Beach Airport,YUX,CYUX,CYUX,CA,Canada,CA-NU,Sanirajak,Sanirajak,68.7761,-81.2425,medium_airport,yes,https://davidmegginson.github.io/ourairports-data/airports.csv
Bonaventure Airport,Bonaventure Airport,YVB,CYVB,CYVB,CA,Canada,CA-QC,Bonaventure,Bonaventure,48.071098,-65.460297,medium_airport,yes,https://davidmegginson.github.io/ourairports-data/airports.csv
La Ronge Airport,La Ronge Airport,YVC,CYVC,CYVC,CA,Canada,CA-SK,La Ronge,La Ronge,55.151401519800004,-105.262001038,medium_airport,yes,https://davidmegginson.github.io/ourairports-data/airports.csv
Wiarton Airport,Wiarton Airport,YVV,CYVV,CYVV,CA,Canada,CA-ON,Wiarton,Wiarton,44.7458,-81.107201,medium_airport,yes,https://davidmegginson.github.io/ourairports-data/airports.csv
Williams Lake Airport,Williams Lake Airport,YWL,CYWL,CYWL,CA,Canada,CA-BC,Williams Lake,Williams Lake,52.1831016541,-122.054000854,medium_airport,yes,https://davidmegginson.github.io/ourairports-data/airports.csv
Rimouski Airport,Rimouski Airport,YXK,CYXK,CYXK,CA,Canada,CA-QC,Rimouski,Rimouski,48.477644,-68.496323,medium_airport,yes,https://davidmegginson.github.io/ourairports-data/airports.csv
Smithers Airport,Smithers Airport,YYD,CYYD,CYYD,CA,Canada,CA-BC,Smithers,Smithers,54.82469940185547,-127.18299865722656,medium_airport,yes,https://davidmegginson.github.io/ourairports-data/airports.csv
Lynn Lake Airport,Lynn Lake Airport,YYL,CYYL,CYYL,CA,Canada,CA-MB,Lynn Lake,Lynn Lake,56.86389923095703,-101.07599639892578,medium_airport,yes,https://davidmegginson.github.io/ourairports-data/airports.csv
Sandspit Airport,Sandspit Airport,YZP,CYZP,CYZP,CA,Canada,CA-BC,Sandspit,Sandspit,53.25429916379999,-131.813995361,medium_airport,yes,https://davidmegginson.github.io/ourairports-data/airports.csv
Port Hardy Airport,Port Hardy Airport,YZT,CYZT,CYZT,CA,Canada,CA-BC,Port Hardy,Port Hardy,50.680599212646484,-127.36699676513672,medium_airport,yes,https://davidmegginson.github.io/ourairports-data/airports.csv
Whitecourt Airport,Whitecourt Airport,YZU,CYZU,CYZU,CA,Canada,CA-AB,Whitecourt,Whitecourt,54.143902,-115.787003,medium_airport,yes,https://davidmegginson.github.io/ourairports-data/airports.csv
Bathurst Airport,Bathurst Airport,ZBF,CZBF,CZBF,CA,Canada,CA-NB,South Tetagouche,South Tetagouche,47.6297,-65.738899,medium_airport,yes,https://davidmegginson.github.io/ourairports-data/airports.csv
Chabahar Konarak International Airport,Chabahar Konarak International Airport,ZBR,OIZC,OIZC,IR,Iran,IR-11,Konarak,Konarak,25.44319,60.382167,medium_airport,yes,https://davidmegginson.github.io/ourairports-data/airports.csv
Bella Bella (Campbell Island) Airport,Bella Bella (Campbell Island) Airport,ZEL,CBBC,CBBC,CA,Canada,CA-BC,Bella Bella,Bella Bella,52.185001,-128.156994,medium_airport,yes,https://davidmegginson.github.io/ourairports-data/airports.csv
Ziguinchor Airport,Ziguinchor Airport,ZIG,GOGG,GOGG,SN,Senegal,SN-ZG,Ziguinchor,Ziguinchor,12.55559,-16.283298,medium_airport,yes,https://davidmegginson.github.io/ourairports-data/airports.csv
Zyryanka Airport,Zyryanka Airport,ZKP,UESU,UESU,RU,Russia,RU-SA,Zyryanka,Zyryanka,65.7485,150.8889,medium_airport,yes,https://davidmegginson.github.io/ourairports-data/airports.csv
San Salvador International Airport,San Salvador International Airport,ZSA,MYSM,MYSM,BS,Bahamas,BS-SS,San Salvador,San Salvador,24.063041,-74.523233,large_airport,yes,https://davidmegginson.github.io/ourairports-data/airports.csv